[0, 0]	50832.288100000005
[0, 10]	69142.4706
[0, 11]	33316.764500000005
[0, 12]	72728.88579999999
[0, 13]	67716.8101
[0, 14]	48864.01800000001
[0, 15]	89907.43800000001
[0, 16]	48882.2534
[0, 17]	58985.51320000001
[0, 18]	63657.8695
[0, 19]	47561.071099999994
[0, 1]	49929.3438
[0, 2]	53131.3218
[0, 3]	65293.5746
[0, 4]	73389.1801
[0, 5]	61730.79609999999
[0, 6]	46839.3312
[0, 7]	50412.25080000001
[0, 8]	64188.66819999999
[0, 9]	65435.669499999996
[1, 0]	67714.6845
[1, 10]	66856.1908
[1, 11]	54093.10589999999
[1, 12]	113344.09879999995
[1, 13]	97736.4074
[1, 14]	78806.7453
[1, 15]	97768.66570000001
[1, 16]	76474.51719999999
[1, 17]	78881.99019999999
[1, 18]	67535.63930000001
[1, 19]	61483.36589999999
[1, 1]	70595.01430000001
[1, 2]	82995.4285
[1, 3]	84921.1914
[1, 4]	98641.73869999999
[1, 5]	84485.4816
[1, 6]	72940.42940000001
[1, 7]	82162.00719999998
[1, 8]	92425.3428
[1, 9]	72086.9983
[10, 0]	77614.28700000001
[10, 10]	98218.61990000002
[10, 11]	59626.544799999996
[10, 12]	118388.82169999997
[10, 13]	101164.12949999998
[10, 14]	96996.35000000002
[10, 15]	122875.38799999999
[10, 16]	96936.44030000002
[10, 17]	97504.8741
[10, 18]	79575.28529999999
[10, 19]	82728.7656
[10, 1]	72586.0387
[10, 2]	82577.91760000002
[10, 3]	88683.012
[10, 4]	115295.2265
[10, 5]	123237.36929999996
[10, 6]	72335.04520000001
[10, 7]	89009.1913
[10, 8]	101953.29769999998
[10, 9]	95718.0797
[11, 0]	70656.99460000002
[11, 10]	68854.0452
[11, 11]	46945.86410000001
[11, 12]	93823.28120000001
[11, 13]	85636.5442
[11, 14]	70768.43890000001
[11, 15]	88378.6745
[11, 16]	86062.73210000001
[11, 17]	65990.9821
[11, 18]	56328.61939999999
[11, 19]	80806.8363
[11, 1]	74395.748
[11, 2]	77886.22559999999
[11, 3]	89940.59640000001
[11, 4]	74521.73029999997
[11, 5]	89316.18299999999
[11, 6]	69160.6041
[11, 7]	64432.9513
[11, 8]	86274.13849999999
[11, 9]	75237.17070000002
[12, 0]	52707.38340000002
[12, 10]	48991.71860000001
[12, 11]	40068.144400000005
[12, 12]	95011.29380000003
[12, 13]	75019.60509999999
[12, 14]	60618.82819999998
[12, 15]	81451.01299999999
[12, 16]	57366.739799999996
[12, 17]	73954.1023
[12, 18]	66160.1372
[12, 19]	50358.1012
[12, 1]	70849.509
[12, 2]	66834.54740000001
[12, 3]	67546.5676
[12, 4]	71645.39609999998
[12, 5]	55712.58619999998
[12, 6]	52934.30489999999
[12, 7]	59449.16699999999
[12, 8]	67146.5151
[12, 9]	69880.91760000002
[13, 0]	61695.72739999999
[13, 10]	89482.53589999999
[13, 11]	43115.112199999996
[13, 12]	79813.8876
[13, 13]	79792.21709999998
[13, 14]	52862.48829999999
[13, 15]	89578.13959999998
[13, 16]	65365.929999999986
[13, 17]	78247.7556
[13, 18]	51029.41219999999
[13, 19]	72545.6277
[13, 1]	73777.9424
[13, 2]	70577.1055
[13, 3]	70974.05099999999
[13, 4]	87469.252
[13, 5]	90563.19980000002
[13, 6]	52998.380700000016
[13, 7]	68238.2622
[13, 8]	60997.4361
[13, 9]	68520.5815
[14, 0]	57213.72069999999
[14, 10]	88158.8285
[14, 11]	41667.7179
[14, 12]	83930.903
[14, 13]	80606.99479999999
[14, 14]	80936.5501
[14, 15]	86486.11379999999
[14, 16]	78047.12139999999
[14, 17]	68758.51129999998
[14, 18]	70539.0929
[14, 19]	75081.7027
[14, 1]	63567.0779
[14, 2]	76748.28890000001
[14, 3]	71706.3866
[14, 4]	80850.02829999999
[14, 5]	95548.5513
[14, 6]	65546.9802
[14, 7]	73181.1637
[14, 8]	90604.08510000001
[14, 9]	69605.2093
[15, 0]	53168.03330000002
[15, 10]	68669.199
[15, 11]	38671.79149999999
[15, 12]	81039.85990000001
[15, 13]	56070.713700000015
[15, 14]	65685.34180000001
[15, 15]	90546.01179999998
[15, 16]	62014.67989999999
[15, 17]	60034.50819999999
[15, 18]	46216.57929999999
[15, 19]	66544.7316
[15, 1]	62764.82409999999
[15, 2]	60016.2798
[15, 3]	57445.827300000004
[15, 4]	67936.69869999998
[15, 5]	74677.76590000001
[15, 6]	48677.283800000005
[15, 7]	60610.99149999998
[15, 8]	75648.4876
[15, 9]	62871.30440000001
[16, 0]	64379.125
[16, 10]	73104.44899999998
[16, 11]	54345.7536
[16, 12]	94833.59549999998
[16, 13]	85370.36219999999
[16, 14]	57211.405999999995
[16, 15]	96078.52870000001
[16, 16]	62741.49660000001
[16, 17]	86872.3627
[16, 18]	83608.5142
[16, 19]	67618.6305
[16, 1]	84230.7402
[16, 2]	70974.9469
[16, 3]	91255.7067
[16, 4]	79935.6764
[16, 5]	87039.37809999997
[16, 6]	55547.42
[16, 7]	72465.96849999999
[16, 8]	78689.33979999999
[16, 9]	76167.89379999999
[17, 0]	57513.9803
[17, 10]	70331.64160000002
[17, 11]	50348.382900000004
[17, 12]	93759.4165
[17, 13]	94287.9878
[17, 14]	73232.6021
[17, 15]	91173.02859999999
[17, 16]	68714.51429999998
[17, 17]	68210.4839
[17, 18]	79679.2202
[17, 19]	65251.35020000001
[17, 1]	77297.2915
[17, 2]	80045.40340000001
[17, 3]	69564.28499999999
[17, 4]	80589.14249999999
[17, 5]	88510.8377
[17, 6]	51866.16650000001
[17, 7]	84805.47159999999
[17, 8]	80421.37080000002
[17, 9]	73377.36979999999
[18, 0]	77773.73500000002
[18, 10]	73149.95520000001
[18, 11]	46793.8407
[18, 12]	80278.19970000001
[18, 13]	96773.3968
[18, 14]	67876.7828
[18, 15]	92721.59070000002
[18, 16]	80288.7301
[18, 17]	78094.9949
[18, 18]	61335.521999999975
[18, 19]	59571.15130000001
[18, 1]	66463.94459999999
[18, 2]	76232.4632
[18, 3]	71577.98449999999
[18, 4]	87562.9092
[18, 5]	86791.01890000001
[18, 6]	66495.2105
[18, 7]	75765.22399999997
[18, 8]	77640.5364
[18, 9]	76386.88990000002
[19, 0]	65532.6437
[19, 10]	75161.9218
[19, 11]	45832.318
[19, 12]	74796.38160000001
[19, 13]	80974.15099999998
[19, 14]	46214.01169999999
[19, 15]	90951.9175
[19, 16]	76302.11660000001
[19, 17]	75460.0814
[19, 18]	56163.744799999986
[19, 19]	83999.8412
[19, 1]	69219.17109999999
[19, 2]	60982.3462
[19, 3]	86813.4679
[19, 4]	68403.83559999999
[19, 5]	95272.23709999997
[19, 6]	61769.1427
[19, 7]	67821.0845
[19, 8]	65166.82959999999
[19, 9]	66679.42720000002
[2, 0]	44966.2239
[2, 10]	63588.5852
[2, 11]	36659.363
[2, 12]	72836.304
[2, 13]	71193.92659999998
[2, 14]	53432.630000000005
[2, 15]	75583.33950000002
[2, 16]	65528.24829999999
[2, 17]	56528.44470000001
[2, 18]	62077.20829999999
[2, 19]	64089.66019999999
[2, 1]	40034.3899
[2, 2]	60960.0698
[2, 3]	59412.9203
[2, 4]	67773.8019
[2, 5]	68393.5469
[2, 6]	53911.14110000001
[2, 7]	65245.6313
[2, 8]	62300.35549999999
[2, 9]	57197.287500000006
[20, 0]	55681.54010000001
[20, 10]	61240.517900000006
[20, 11]	32349.5291
[20, 12]	71754.7933
[20, 13]	66348.52889999999
[20, 14]	63669.97570000001
[20, 15]	77446.5268
[20, 16]	62342.29770000001
[20, 17]	48771.2861
[20, 18]	50549.611000000004
[20, 19]	55443.031599999995
[20, 1]	54954.92170000001
[20, 2]	51913.86889999999
[20, 3]	57121.26800000001
[20, 4]	50620.61060000001
[20, 5]	82139.87959999999
[20, 6]	43455.0725
[20, 7]	56002.49759999999
[20, 8]	60731.7761
[20, 9]	70595.48209999998
[21, 0]	63280.4846
[21, 10]	88363.96880000002
[21, 11]	54458.019799999995
[21, 12]	93337.03269999998
[21, 13]	98317.539
[21, 14]	66634.2589
[21, 15]	95707.9673
[21, 16]	64323.342
[21, 17]	79614.11029999999
[21, 18]	82165.67509999998
[21, 19]	68083.06330000001
[21, 1]	79039.22899999999
[21, 2]	82295.37509999999
[21, 3]	80419.6108
[21, 4]	100924.27119999999
[21, 5]	91258.03919999998
[21, 6]	70776.6533
[21, 7]	85891.9031
[21, 8]	75581.9394
[21, 9]	74690.53019999998
[22, 0]	65690.67619999997
[22, 10]	83716.41200000001
[22, 11]	47688.2731
[22, 12]	99829.3959
[22, 13]	113013.60999999997
[22, 14]	62446.12410000001
[22, 15]	97994.3907
[22, 16]	75120.27880000001
[22, 17]	87241.81010000003
[22, 18]	90535.2292
[22, 19]	73424.488
[22, 1]	85370.31689999999
[22, 2]	83282.07319999998
[22, 3]	79851.73019999999
[22, 4]	82435.99179999999
[22, 5]	94789.70529999999
[22, 6]	63761.667400000006
[22, 7]	88844.9447
[22, 8]	86311.3664
[22, 9]	67489.99939999999
[23, 0]	67464.94009999999
[23, 10]	82030.92949999998
[23, 11]	47316.23219999999
[23, 12]	89615.27509999996
[23, 13]	82007.78430000003
[23, 14]	93396.77459999999
[23, 15]	92663.58149999999
[23, 16]	73658.2341
[23, 17]	69599.99429999999
[23, 18]	67613.78799999999
[23, 19]	61510.27750000001
[23, 1]	73513.10940000002
[23, 2]	87026.35510000002
[23, 3]	89708.59899999999
[23, 4]	91397.67280000001
[23, 5]	91947.69409999998
[23, 6]	51583.51260000001
[23, 7]	82673.484
[23, 8]	83110.38170000001
[23, 9]	72964.01280000001
[24, 0]	65491.618599999994
[24, 10]	65064.9765
[24, 11]	39145.532100000004
[24, 12]	85603.36870000002
[24, 13]	88526.0478
[24, 14]	69283.19290000001
[24, 15]	74577.3778
[24, 16]	70866.0108
[24, 17]	75778.24549999996
[24, 18]	67150.79349999999
[24, 19]	49860.8887
[24, 1]	65868.1398
[24, 2]	79037.87490000001
[24, 3]	76689.9488
[24, 4]	77105.24240000002
[24, 5]	82051.34499999999
[24, 6]	61511.142100000005
[24, 7]	71861.0221
[24, 8]	77891.10519999999
[24, 9]	58721.95620000001
[25, 0]	83324.83239999997
[25, 10]	80823.14180000001
[25, 11]	68119.0211
[25, 12]	102125.65460000002
[25, 13]	100890.53330000002
[25, 14]	78779.6678
[25, 15]	92899.27160000001
[25, 16]	85580.02019999998
[25, 17]	97551.53599999996
[25, 18]	53745.58939999999
[25, 19]	82059.39390000002
[25, 1]	71967.4797
[25, 2]	75805.6101
[25, 3]	82426.65130000003
[25, 4]	102059.20730000001
[25, 5]	82530.96580000003
[25, 6]	87085.3149
[25, 7]	76404.8418
[25, 8]	94560.98850000002
[25, 9]	77973.812
[26, 0]	65673.52260000001
[26, 10]	69121.3921
[26, 11]	55761.8404
[26, 12]	80539.88989999998
[26, 13]	76454.45150000002
[26, 14]	47536.7491
[26, 15]	77826.65929999998
[26, 16]	57949.9588
[26, 17]	72363.86959999999
[26, 18]	55038.049499999994
[26, 19]	66213.30789999999
[26, 1]	55311.060300000005
[26, 2]	61157.62269999999
[26, 3]	58660.15080000001
[26, 4]	82347.07239999999
[26, 5]	80182.99650000001
[26, 6]	53301.190500000004
[26, 7]	65085.791099999995
[26, 8]	61714.57109999998
[26, 9]	58228.50770000001
[27, 0]	77382.09259999997
[27, 10]	81460.9717
[27, 11]	52084.848
[27, 12]	95351.45109999999
[27, 13]	90782.40010000001
[27, 14]	82587.1878
[27, 15]	105732.87750000003
[27, 16]	83738.6025
[27, 17]	59385.1543
[27, 18]	72278.59309999998
[27, 19]	65766.7395
[27, 1]	74719.10989999998
[27, 2]	85109.6101
[27, 3]	94815.69870000001
[27, 4]	99379.37109999999
[27, 5]	92663.46539999999
[27, 6]	65025.3237
[27, 7]	74335.8665
[27, 8]	94335.56859999998
[27, 9]	88272.42679999997
[28, 0]	62150.685600000004
[28, 10]	76443.32149999999
[28, 11]	31930.6774
[28, 12]	97224.4842
[28, 13]	81689.2993
[28, 14]	50981.434700000005
[28, 15]	81459.84260000002
[28, 16]	73251.3095
[28, 17]	68431.97660000001
[28, 18]	71864.32800000001
[28, 19]	63227.8582
[28, 1]	75913.5473
[28, 2]	69023.83200000001
[28, 3]	78696.8884
[28, 4]	78102.05090000002
[28, 5]	90716.61140000001
[28, 6]	49876.85580000001
[28, 7]	72604.7083
[28, 8]	68027.3177
[28, 9]	72568.9897
[29, 0]	71948.45999999999
[29, 10]	69430.9724
[29, 11]	60373.2359
[29, 12]	127723.94009999999
[29, 13]	102335.94589999999
[29, 14]	90164.49540000001
[29, 15]	96795.95620000002
[29, 16]	75863.633
[29, 17]	89603.98819999999
[29, 18]	100042.33539999998
[29, 19]	80082.8079
[29, 1]	89224.91220000002
[29, 2]	88087.2891
[29, 3]	91362.7846
[29, 4]	88656.5287
[29, 5]	97755.30599999998
[29, 6]	76354.67100000002
[29, 7]	82337.36090000001
[29, 8]	80278.9987
[29, 9]	100999.46459999999
[3, 0]	60606.701799999995
[3, 10]	46138.754199999996
[3, 11]	45984.0111
[3, 12]	81427.55649999999
[3, 13]	73501.6836
[3, 14]	59119.2567
[3, 15]	82312.19350000002
[3, 16]	66934.42339999999
[3, 17]	58558.8198
[3, 18]	61289.717099999994
[3, 19]	60911.8317
[3, 1]	57873.89809999999
[3, 2]	63095.80609999999
[3, 3]	61017.74309999999
[3, 4]	69976.16040000001
[3, 5]	74193.3001
[3, 6]	44034.4458
[3, 7]	61563.5442
[3, 8]	64882.82319999999
[3, 9]	65797.70119999998
[30, 0]	74769.43639999999
[30, 10]	86641.35269999999
[30, 11]	58582.0364
[30, 12]	110046.11940000001
[30, 13]	93701.37320000003
[30, 14]	79435.9699
[30, 15]	110003.2797
[30, 16]	81495.211
[30, 17]	101409.39429999999
[30, 18]	64039.5383
[30, 19]	93801.56799999998
[30, 1]	88452.6974
[30, 2]	78428.41120000002
[30, 3]	87715.48530000001
[30, 4]	91014.29089999999
[30, 5]	108514.54669999998
[30, 6]	76530.24220000001
[30, 7]	79762.30789999999
[30, 8]	80503.7706
[30, 9]	81979.546
[31, 0]	66831.71230000001
[31, 10]	65963.44959999999
[31, 11]	47208.6052
[31, 12]	80673.00349999998
[31, 13]	90249.3584
[31, 14]	75162.87239999998
[31, 15]	89833.4595
[31, 16]	73827.8701
[31, 17]	54988.7427
[31, 18]	73893.744
[31, 19]	69831.62229999999
[31, 1]	66005.15319999999
[31, 2]	57078.39110000001
[31, 3]	67710.03190000002
[31, 4]	60407.841100000005
[31, 5]	83187.79839999997
[31, 6]	44435.676799999994
[31, 7]	70610.70830000001
[31, 8]	67679.48470000002
[31, 9]	95593.71990000001
[32, 0]	62818.95159999999
[32, 10]	75097.70129999999
[32, 11]	47693.031200000005
[32, 12]	105165.50800000003
[32, 13]	90536.0095
[32, 14]	66039.0994
[32, 15]	92742.52589999998
[32, 16]	65730.9945
[32, 17]	87287.60169999998
[32, 18]	74865.69359999998
[32, 19]	60023.85660000001
[32, 1]	75690.6612
[32, 2]	80691.58369999997
[32, 3]	76484.46310000001
[32, 4]	89369.5828
[32, 5]	101732.97860000003
[32, 6]	48118.77650000001
[32, 7]	72569.93100000001
[32, 8]	60265.12800000002
[32, 9]	72160.8221
[33, 0]	70620.15970000002
[33, 10]	67225.23920000001
[33, 11]	38759.8502
[33, 12]	83002.3278
[33, 13]	72545.05780000001
[33, 14]	52278.876399999994
[33, 15]	87591.02919999999
[33, 16]	72507.13759999999
[33, 17]	77899.87599999999
[33, 18]	39805.8524
[33, 19]	58995.578599999986
[33, 1]	71325.2753
[33, 2]	64959.2617
[33, 3]	61386.857500000006
[33, 4]	73725.59139999999
[33, 5]	73368.59959999997
[33, 6]	49815.01000000001
[33, 7]	56911.8704
[33, 8]	74087.3438
[33, 9]	69029.5511
[34, 0]	65078.9896
[34, 10]	55154.29849999999
[34, 11]	46197.78949999999
[34, 12]	86748.2364
[34, 13]	80004.28360000002
[34, 14]	74706.19250000002
[34, 15]	80130.30849999998
[34, 16]	69935.80129999999
[34, 17]	63538.31289999999
[34, 18]	63951.931500000006
[34, 19]	48549.1495
[34, 1]	63061.660099999994
[34, 2]	57576.51170000001
[34, 3]	61991.564099999996
[34, 4]	87908.4936
[34, 5]	83962.16899999998
[34, 6]	53745.2647
[34, 7]	64682.64039999999
[34, 8]	71512.4621
[34, 9]	73865.527
[35, 0]	63423.5978
[35, 10]	87679.3785
[35, 11]	47039.12430000001
[35, 12]	95244.27959999998
[35, 13]	80626.0214
[35, 14]	85574.5523
[35, 15]	109304.5804
[35, 16]	68094.2188
[35, 17]	92347.14839999998
[35, 18]	75969.59560000002
[35, 19]	61040.3217
[35, 1]	72149.58480000001
[35, 2]	73023.44600000001
[35, 3]	77006.63200000001
[35, 4]	96762.762
[35, 5]	105209.12310000001
[35, 6]	49767.953799999996
[35, 7]	77788.61029999999
[35, 8]	79593.67899999997
[35, 9]	71019.45820000001
[36, 0]	61372.4756
[36, 10]	64514.83120000001
[36, 11]	45878.912500000006
[36, 12]	83326.8934
[36, 13]	79231.8612
[36, 14]	68146.1883
[36, 15]	92183.92620000002
[36, 16]	59845.2531
[36, 17]	79449.5133
[36, 18]	67027.9587
[36, 19]	71974.3133
[36, 1]	71618.88579999999
[36, 2]	63462.84299999999
[36, 3]	66923.523
[36, 4]	84323.5143
[36, 5]	85843.45330000002
[36, 6]	56568.1585
[36, 7]	78533.2502
[36, 8]	59752.71540000001
[36, 9]	58350.27879999999
[37, 0]	60994.465299999996
[37, 10]	76558.4189
[37, 11]	47971.189399999996
[37, 12]	80261.3004
[37, 13]	79032.10520000002
[37, 14]	82277.91350000001
[37, 15]	91598.45550000001
[37, 16]	68555.98580000001
[37, 17]	83787.8986
[37, 18]	60274.717000000004
[37, 19]	70351.6685
[37, 1]	70546.5179
[37, 2]	77439.12180000001
[37, 3]	76870.54419999999
[37, 4]	73234.3487
[37, 5]	83626.3848
[37, 6]	71157.39059999998
[37, 7]	68921.03980000001
[37, 8]	70817.87090000001
[37, 9]	79296.69470000001
[38, 0]	62449.177400000015
[38, 10]	78555.29110000002
[38, 11]	43660.88150000002
[38, 12]	99122.0071
[38, 13]	96529.9977
[38, 14]	58995.763900000005
[38, 15]	106325.98590000001
[38, 16]	77797.8597
[38, 17]	77686.92809999998
[38, 18]	56312.4653
[38, 19]	70936.8379
[38, 1]	68295.1778
[38, 2]	65568.21549999999
[38, 3]	76976.6257
[38, 4]	77286.88200000001
[38, 5]	80212.4572
[38, 6]	54070.95200000001
[38, 7]	60462.93570000002
[38, 8]	79902.5281
[38, 9]	64232.1173
[39, 0]	69633.0193
[39, 10]	73038.69330000001
[39, 11]	43638.900700000006
[39, 12]	79116.75449999998
[39, 13]	75572.57340000001
[39, 14]	58519.1794
[39, 15]	83277.36679999999
[39, 16]	68762.50590000002
[39, 17]	85085.82250000002
[39, 18]	59133.196899999995
[39, 19]	39568.2586
[39, 1]	58018.1096
[39, 2]	72435.7217
[39, 3]	70341.90250000001
[39, 4]	93854.83709999999
[39, 5]	73513.63260000001
[39, 6]	54042.36259999999
[39, 7]	58897.50100000001
[39, 8]	76563.82250000001
[39, 9]	49669.4461
[4, 0]	61503.849
[4, 10]	76082.82979999996
[4, 11]	61487.10020000001
[4, 12]	98275.73689999997
[4, 13]	90131.58750000001
[4, 14]	71466.34779999999
[4, 15]	91363.93409999998
[4, 16]	64134.216
[4, 17]	79012.8039
[4, 18]	70601.2048
[4, 19]	67511.179
[4, 1]	68762.6885
[4, 2]	63046.077600000004
[4, 3]	78235.02549999999
[4, 4]	90732.47439999996
[4, 5]	81806.0861
[4, 6]	62373.148
[4, 7]	59297.93280000001
[4, 8]	78288.31509999998
[4, 9]	81601.39269999997
[40, 0]	42214.9494
[40, 10]	38018.05559999999
[40, 11]	20077.621699999996
[40, 12]	41925.556500000006
[40, 13]	35834.11419999999
[40, 14]	46610.3228
[40, 15]	45370.527400000006
[40, 16]	38689.087199999994
[40, 17]	42097.70089999999
[40, 18]	34232.2068
[40, 19]	24520.5149
[40, 1]	37159.8705
[40, 2]	40354.69869999999
[40, 3]	47869.414300000004
[40, 4]	42249.1735
[40, 5]	37670.2855
[40, 6]	29472.5596
[40, 7]	30123.7101
[40, 8]	51343.86200000001
[40, 9]	37983.4105
[41, 0]	49210.5626
[41, 10]	71322.15079999999
[41, 11]	42199.243
[41, 12]	81081.02940000003
[41, 13]	79397.7593
[41, 14]	63755.7893
[41, 15]	69561.4281
[41, 16]	58896.220499999996
[41, 17]	65170.41299999999
[41, 18]	44916.451
[41, 19]	58511.1512
[41, 1]	53168.26159999999
[41, 2]	58196.126899999996
[41, 3]	57089.01759999999
[41, 4]	77991.38039999997
[41, 5]	77126.9164
[41, 6]	51862.576499999996
[41, 7]	56440.369299999984
[41, 8]	52521.96880000001
[41, 9]	59123.0119
[42, 0]	53346.24559999999
[42, 10]	56949.195799999994
[42, 11]	33175.9684
[42, 12]	79932.7598
[42, 13]	49787.8327
[42, 14]	54290.372699999985
[42, 15]	62807.67659999999
[42, 16]	52997.931700000016
[42, 17]	60099.758499999996
[42, 18]	41506.434700000005
[42, 19]	54833.6918
[42, 1]	47878.6101
[42, 2]	44568.176799999994
[42, 3]	71736.643
[42, 4]	64521.98300000001
[42, 5]	62859.76769999999
[42, 6]	40183.886600000005
[42, 7]	59133.806399999994
[42, 8]	64164.0369
[42, 9]	48998.18539999998
[43, 0]	59759.26620000001
[43, 10]	40086.67369999999
[43, 11]	47341.5692
[43, 12]	77886.30020000001
[43, 13]	74036.6506
[43, 14]	59825.2504
[43, 15]	72104.3075
[43, 16]	40295.955200000004
[43, 17]	59402.5781
[43, 18]	58608.5233
[43, 19]	35430.3211
[43, 1]	53824.813600000016
[43, 2]	59019.7381
[43, 3]	53417.34409999999
[43, 4]	66383.402
[43, 5]	64645.133
[43, 6]	50846.253699999994
[43, 7]	58240.1658
[43, 8]	64118.08320000001
[43, 9]	59828.53779999999
[44, 0]	70902.53850000001
[44, 10]	82438.7272
[44, 11]	44741.604799999994
[44, 12]	96643.15659999999
[44, 13]	96460.3058
[44, 14]	76165.3447
[44, 15]	112216.06
[44, 16]	85428.70809999999
[44, 17]	83778.25510000001
[44, 18]	75388.49239999999
[44, 19]	81262.68059999999
[44, 1]	74402.81219999999
[44, 2]	75266.00099999997
[44, 3]	87118.8121
[44, 4]	78819.8854
[44, 5]	89843.70889999998
[44, 6]	61384.006299999994
[44, 7]	72191.3274
[44, 8]	96982.69379999998
[44, 9]	79081.6844
[45, 0]	54552.47630000001
[45, 10]	65300.937900000004
[45, 11]	42330.078499999996
[45, 12]	70585.2385
[45, 13]	77773.74549999999
[45, 14]	78784.86479999998
[45, 15]	83593.9461
[45, 16]	65008.0944
[45, 17]	76346.80189999998
[45, 18]	64684.1418
[45, 19]	53834.21929999999
[45, 1]	86509.2419
[45, 2]	75689.6576
[45, 3]	69234.05209999999
[45, 4]	89131.48569999999
[45, 5]	84248.28909999998
[45, 6]	68464.01409999999
[45, 7]	73021.83129999999
[45, 8]	77855.823
[45, 9]	61353.1885
[46, 0]	74649.9437
[46, 10]	85807.92800000001
[46, 11]	49005.8
[46, 12]	106822.63210000002
[46, 13]	93370.77489999999
[46, 14]	79705.97550000002
[46, 15]	94253.33800000003
[46, 16]	86613.60349999998
[46, 17]	80929.94390000001
[46, 18]	73928.133
[46, 19]	66081.2093
[46, 1]	68693.06060000001
[46, 2]	75030.66100000001
[46, 3]	91806.11559999998
[46, 4]	82339.32710000001
[46, 5]	95004.7992
[46, 6]	54782.160699999986
[46, 7]	78374.322
[46, 8]	85508.1686
[46, 9]	87042.39669999998
[47, 0]	83662.38129999998
[47, 10]	78541.71220000001
[47, 11]	47755.69810000001
[47, 12]	90058.21849999999
[47, 13]	86261.3494
[47, 14]	48503.964700000004
[47, 15]	104572.392
[47, 16]	85456.0489
[47, 17]	87310.07950000002
[47, 18]	67550.5502
[47, 19]	77418.21039999998
[47, 1]	78939.8617
[47, 2]	78483.61020000001
[47, 3]	80863.85049999999
[47, 4]	80016.54990000001
[47, 5]	83212.163
[47, 6]	63355.76800000001
[47, 7]	81411.68259999999
[47, 8]	77713.9348
[47, 9]	80425.15890000001
[48, 0]	80525.53049999998
[48, 10]	81824.24919999999
[48, 11]	46355.357699999986
[48, 12]	102744.9354
[48, 13]	83421.7741
[48, 14]	86955.27940000001
[48, 15]	105591.98680000001
[48, 16]	72582.9902
[48, 17]	75601.5742
[48, 18]	51187.24190000001
[48, 19]	67658.0425
[48, 1]	75959.2492
[48, 2]	80914.08300000001
[48, 3]	84807.3027
[48, 4]	100679.2282
[48, 5]	98945.87700000001
[48, 6]	62631.1991
[48, 7]	91734.2103
[48, 8]	88881.6465
[48, 9]	72823.7279
[49, 0]	70410.19730000001
[49, 10]	73412.7603
[49, 11]	48652.7473
[49, 12]	107854.7358
[49, 13]	98025.69789999998
[49, 14]	64399.78219999999
[49, 15]	104743.39930000002
[49, 16]	88684.27280000002
[49, 17]	95895.44290000001
[49, 18]	74042.6501
[49, 19]	71792.8927
[49, 1]	83660.31979999998
[49, 2]	83197.2758
[49, 3]	95841.7995
[49, 4]	99868.3156
[49, 5]	110000.87169999999
[49, 6]	62632.5773
[49, 7]	81710.83909999997
[49, 8]	77422.6941
[49, 9]	62938.47809999999
[5, 0]	67850.7299
[5, 10]	75996.6169
[5, 11]	51427.65100000001
[5, 12]	77153.71259999998
[5, 13]	85120.09060000001
[5, 14]	75417.4321
[5, 15]	87326.24469999998
[5, 16]	69940.9141
[5, 17]	68028.2354
[5, 18]	70214.0635
[5, 19]	85363.4943
[5, 1]	56223.169799999996
[5, 2]	79110.20359999998
[5, 3]	82310.9504
[5, 4]	76248.82940000002
[5, 5]	93240.40589999998
[5, 6]	57432.6019
[5, 7]	62970.5807
[5, 8]	86016.64559999999
[5, 9]	74025.08829999997
[50, 0]	57087.093700000005
[50, 10]	84844.94209999999
[50, 11]	53490.4558
[50, 12]	94720.69959999998
[50, 13]	95646.8101
[50, 14]	69585.74859999999
[50, 15]	98396.1803
[50, 16]	64823.018000000004
[50, 17]	67801.86550000001
[50, 18]	64550.5435
[50, 19]	73193.1099
[50, 1]	60231.151399999995
[50, 2]	69655.81730000001
[50, 3]	99764.863
[50, 4]	83120.01460000001
[50, 5]	92290.89010000003
[50, 6]	60375.73280000001
[50, 7]	71447.32599999999
[50, 8]	75637.68450000002
[50, 9]	71894.58440000002
[51, 0]	55481.609200000006
[51, 10]	68157.62970000002
[51, 11]	42966.31379999999
[51, 12]	99771.66599999997
[51, 13]	83507.20770000001
[51, 14]	48513.4667
[51, 15]	82749.287
[51, 16]	46934.9601
[51, 17]	76534.65480000002
[51, 18]	59527.783599999995
[51, 19]	56862.5186
[51, 1]	74807.3342
[51, 2]	58429.46680000001
[51, 3]	64835.514800000004
[51, 4]	76739.4115
[51, 5]	61610.09909999999
[51, 6]	43382.40230000001
[51, 7]	70718.81820000001
[51, 8]	52114.368500000004
[51, 9]	58417.7194
[52, 0]	65737.9069
[52, 10]	78720.74439999998
[52, 11]	56434.1538
[52, 12]	88919.64510000001
[52, 13]	87937.88780000001
[52, 14]	66148.75749999999
[52, 15]	97518.91570000003
[52, 16]	79355.8792
[52, 17]	80314.19879999998
[52, 18]	66393.1608
[52, 19]	76278.5535
[52, 1]	86431.80529999998
[52, 2]	77249.8507
[52, 3]	88517.6108
[52, 4]	86230.53139999999
[52, 5]	85466.01809999999
[52, 6]	53355.4097
[52, 7]	78872.04509999999
[52, 8]	77234.6327
[52, 9]	77639.83210000003
[53, 0]	65485.459100000015
[53, 10]	76572.06550000001
[53, 11]	48845.145099999994
[53, 12]	91205.5307
[53, 13]	90673.64829999999
[53, 14]	84652.68299999999
[53, 15]	77980.98610000001
[53, 16]	68616.48700000001
[53, 17]	69203.5324
[53, 18]	53928.69490000001
[53, 19]	70607.6647
[53, 1]	71663.9094
[53, 2]	74146.09719999999
[53, 3]	82126.9265
[53, 4]	76163.9966
[53, 5]	85784.8766
[53, 6]	51187.543300000005
[53, 7]	75635.4448
[53, 8]	79450.96680000001
[53, 9]	63996.53849999999
[54, 0]	60602.9787
[54, 10]	66371.5825
[54, 11]	55498.148400000005
[54, 12]	92184.4525
[54, 13]	98885.70559999997
[54, 14]	73570.69070000002
[54, 15]	100189.50670000001
[54, 16]	64939.4227
[54, 17]	71538.02799999999
[54, 18]	72460.91320000001
[54, 19]	66115.0804
[54, 1]	68152.97810000001
[54, 2]	66740.3808
[54, 3]	87198.81860000001
[54, 4]	87383.6489
[54, 5]	89724.81559999999
[54, 6]	68286.676
[54, 7]	69752.1228
[54, 8]	76464.96500000001
[54, 9]	81152.93250000001
[55, 0]	52274.949400000005
[55, 10]	51084.13510000001
[55, 11]	49574.821599999996
[55, 12]	82874.2201
[55, 13]	73256.4718
[55, 14]	60894.72640000001
[55, 15]	61184.9361
[55, 16]	56061.2674
[55, 17]	67413.80399999999
[55, 18]	58018.112400000005
[55, 19]	66634.59820000001
[55, 1]	44764.8848
[55, 2]	49842.482599999996
[55, 3]	62619.03979999999
[55, 4]	60405.293
[55, 5]	69491.86500000002
[55, 6]	62188.51060000001
[55, 7]	60613.9758
[55, 8]	62133.18620000002
[55, 9]	74794.74949999999
[56, 0]	68399.2434
[56, 10]	80073.767
[56, 11]	42634.8224
[56, 12]	79569.66350000002
[56, 13]	63755.4238
[56, 14]	76325.71280000001
[56, 15]	95192.2339
[56, 16]	89290.48779999999
[56, 17]	73931.18659999997
[56, 18]	57676.8913
[56, 19]	69585.9174
[56, 1]	65213.3953
[56, 2]	67860.14009999999
[56, 3]	78750.02799999999
[56, 4]	88353.45400000003
[56, 5]	82342.04500000001
[56, 6]	70339.69529999999
[56, 7]	77537.47320000002
[56, 8]	89744.84240000001
[56, 9]	70446.6289
[57, 0]	68304.13650000001
[57, 10]	60929.9868
[57, 11]	42917.7365
[57, 12]	82574.06850000001
[57, 13]	71822.8146
[57, 14]	75454.866
[57, 15]	95174.85429999999
[57, 16]	59094.42830000001
[57, 17]	80906.03839999999
[57, 18]	64118.040799999995
[57, 19]	64682.13860000001
[57, 1]	57469.7669
[57, 2]	59599.327199999985
[57, 3]	77541.54520000001
[57, 4]	81125.6627
[57, 5]	86352.5679
[57, 6]	55619.7529
[57, 7]	67871.3106
[57, 8]	80677.66140000001
[57, 9]	72373.0735
[58, 0]	60270.791300000004
[58, 10]	74771.37060000001
[58, 11]	49087.9195
[58, 12]	84124.1488
[58, 13]	84613.06030000001
[58, 14]	73483.7011
[58, 15]	101202.87219999997
[58, 16]	75376.8812
[58, 17]	63085.137699999985
[58, 18]	78384.64770000003
[58, 19]	76218.51879999999
[58, 1]	72931.5098
[58, 2]	80721.28579999998
[58, 3]	83716.49799999999
[58, 4]	81855.23580000001
[58, 5]	84112.43039999998
[58, 6]	47322.0614
[58, 7]	62975.5665
[58, 8]	66381.6828
[58, 9]	74699.0337
[59, 0]	75430.08379999998
[59, 10]	86005.5115
[59, 11]	51574.483400000005
[59, 12]	84137.72789999998
[59, 13]	77368.49690000001
[59, 14]	77524.06820000001
[59, 15]	95616.4943
[59, 16]	88010.02319999998
[59, 17]	74382.4019
[59, 18]	57433.40430000001
[59, 19]	78671.74049999997
[59, 1]	63586.670900000005
[59, 2]	72291.05059999999
[59, 3]	82023.30539999998
[59, 4]	92687.02089999997
[59, 5]	96234.91620000002
[59, 6]	57573.87449999999
[59, 7]	85651.50309999999
[59, 8]	83204.20860000003
[59, 9]	80187.4675
[6, 0]	82860.4611
[6, 10]	96875.68439999998
[6, 11]	64537.26700000002
[6, 12]	106528.0172
[6, 13]	106648.25729999997
[6, 14]	67823.9567
[6, 15]	95466.29309999998
[6, 16]	83651.42890000001
[6, 17]	92413.75419999997
[6, 18]	81161.72869999999
[6, 19]	81589.7605
[6, 1]	85181.33879999998
[6, 2]	71010.3624
[6, 3]	90680.89979999998
[6, 4]	106368.56500000003
[6, 5]	104597.60780000001
[6, 6]	83189.72529999999
[6, 7]	89802.01400000001
[6, 8]	96838.13340000002
[6, 9]	95951.39640000001
[60, 0]	52895.587199999994
[60, 10]	60184.91140000001
[60, 11]	49632.20730000001
[60, 12]	73590.5954
[60, 13]	87651.0707
[60, 14]	78249.5301
[60, 15]	89462.4331
[60, 16]	51967.77039999999
[60, 17]	66140.1228
[60, 18]	61350.72839999998
[60, 19]	57575.638500000015
[60, 1]	58827.792
[60, 2]	73432.14160000002
[60, 3]	68882.3759
[60, 4]	78614.8725
[60, 5]	71767.68329999998
[60, 6]	65406.208300000006
[60, 7]	57194.20260000001
[60, 8]	78254.97660000001
[60, 9]	63263.801100000004
[61, 0]	54655.85490000001
[61, 10]	61918.271799999995
[61, 11]	41677.665400000005
[61, 12]	72401.0954
[61, 13]	84989.107
[61, 14]	64689.7582
[61, 15]	76358.96209999999
[61, 16]	59401.5104
[61, 17]	67833.27859999999
[61, 18]	58568.2313
[61, 19]	61045.016599999995
[61, 1]	60412.460899999984
[61, 2]	59904.70129999999
[61, 3]	64248.450500000006
[61, 4]	67724.0912
[61, 5]	69810.31499999999
[61, 6]	62429.4137
[61, 7]	60632.0708
[61, 8]	80314.50859999999
[61, 9]	55811.4904
[62, 0]	44539.95629999999
[62, 10]	46593.378500000006
[62, 11]	36653.0223
[62, 12]	66065.8962
[62, 13]	57530.3185
[62, 14]	49680.5141
[62, 15]	63383.61379999999
[62, 16]	47472.479200000016
[62, 17]	56671.15890000001
[62, 18]	44842.117600000005
[62, 19]	44041.265900000006
[62, 1]	48940.205700000006
[62, 2]	50710.62699999999
[62, 3]	33079.246999999996
[62, 4]	56654.3741
[62, 5]	51503.1871
[62, 6]	36579.2271
[62, 7]	40723.64699999999
[62, 8]	56559.6115
[62, 9]	56200.039899999996
[63, 0]	62920.5972
[63, 10]	67649.59879999998
[63, 11]	40939.87299999999
[63, 12]	74548.6672
[63, 13]	68940.0388
[63, 14]	70502.37650000003
[63, 15]	110146.64399999999
[63, 16]	55520.9416
[63, 17]	85677.7355
[63, 18]	76353.78829999999
[63, 19]	64447.73820000002
[63, 1]	75202.97290000001
[63, 2]	64750.26849999999
[63, 3]	77641.4952
[63, 4]	89915.5939
[63, 5]	92897.37259999997
[63, 6]	53842.8328
[63, 7]	64063.58290000001
[63, 8]	77072.3798
[63, 9]	66954.8034
[64, 0]	61469.507399999995
[64, 10]	46244.2162
[64, 11]	51361.180299999985
[64, 12]	94003.8618
[64, 13]	83699.66910000001
[64, 14]	49155.488
[64, 15]	82396.91649999999
[64, 16]	62752.298899999994
[64, 17]	75011.35710000001
[64, 18]	48606.517700000004
[64, 19]	64260.668999999994
[64, 1]	59159.797199999986
[64, 2]	55640.24810000001
[64, 3]	72752.06620000002
[64, 4]	69934.3062
[64, 5]	77299.22609999999
[64, 6]	55034.67900000001
[64, 7]	44773.3492
[64, 8]	62416.178
[64, 9]	70876.56569999999
[65, 0]	63771.1349
[65, 10]	60325.68499999999
[65, 11]	48813.3743
[65, 12]	89166.5812
[65, 13]	97611.594
[65, 14]	57842.53429999998
[65, 15]	70820.39309999999
[65, 16]	72891.09999999999
[65, 17]	71524.5781
[65, 18]	57045.298200000005
[65, 19]	62280.4787
[65, 1]	73862.5844
[65, 2]	57930.37269999999
[65, 3]	60456.12420000001
[65, 4]	75002.0659
[65, 5]	77269.21440000001
[65, 6]	58382.26210000001
[65, 7]	70671.47240000001
[65, 8]	66797.70710000001
[65, 9]	81700.04689999997
[66, 0]	57905.4432
[66, 10]	55519.27739999999
[66, 11]	52203.777200000004
[66, 12]	86160.8053
[66, 13]	87679.48569999998
[66, 14]	79816.4786
[66, 15]	84732.43280000001
[66, 16]	72186.29230000002
[66, 17]	81503.16879999998
[66, 18]	54433.71379999999
[66, 19]	79130.38539999998
[66, 1]	61098.0444
[66, 2]	64080.7197
[66, 3]	62374.03690000001
[66, 4]	67864.8684
[66, 5]	71191.91960000001
[66, 6]	78525.49979999999
[66, 7]	65153.23760000001
[66, 8]	88162.14140000001
[66, 9]	62316.552
[67, 0]	57860.22080000001
[67, 10]	61872.188
[67, 11]	40153.4847
[67, 12]	75757.3358
[67, 13]	68485.14639999998
[67, 14]	64036.567299999995
[67, 15]	71802.7696
[67, 16]	50168.376
[67, 17]	60481.2709
[67, 18]	56183.80519999999
[67, 19]	62015.9193
[67, 1]	55315.982099999994
[67, 2]	51762.452000000005
[67, 3]	66271.4518
[67, 4]	73153.7176
[67, 5]	73916.3962
[67, 6]	53766.20950000001
[67, 7]	64013.2475
[67, 8]	55463.0502
[67, 9]	55317.9875
[68, 0]	63388.42499999999
[68, 10]	76700.24719999998
[68, 11]	47246.6704
[68, 12]	69721.52679999999
[68, 13]	67259.93540000002
[68, 14]	53317.782100000004
[68, 15]	86549.2706
[68, 16]	69470.0836
[68, 17]	70492.2255
[68, 18]	48601.30840000001
[68, 19]	65591.80559999999
[68, 1]	57207.7154
[68, 2]	59362.17610000001
[68, 3]	63868.1174
[68, 4]	80756.33570000001
[68, 5]	65125.821899999995
[68, 6]	60284.920699999995
[68, 7]	63892.932799999995
[68, 8]	77145.0349
[68, 9]	63220.034400000004
[69, 0]	59199.55649999999
[69, 10]	74042.93299999999
[69, 11]	33626.9642
[69, 12]	81952.3832
[69, 13]	73057.94090000002
[69, 14]	60321.1267
[69, 15]	80040.13000000002
[69, 16]	67637.8036
[69, 17]	65474.677500000005
[69, 18]	75758.3601
[69, 19]	60120.41429999999
[69, 1]	77601.34470000002
[69, 2]	81709.0214
[69, 3]	76554.43890000002
[69, 4]	80158.6167
[69, 5]	94809.5378
[69, 6]	58382.3255
[69, 7]	62958.533899999995
[69, 8]	63111.628099999994
[69, 9]	63335.33979999999
[7, 0]	72225.55510000001
[7, 10]	93441.70759999998
[7, 11]	55433.991000000016
[7, 12]	92200.0386
[7, 13]	94850.20939999999
[7, 14]	78045.74559999997
[7, 15]	88480.0174
[7, 16]	75218.57840000001
[7, 17]	82382.61929999999
[7, 18]	73285.57539999997
[7, 19]	67862.87030000001
[7, 1]	75664.93149999999
[7, 2]	79079.4142
[7, 3]	101786.57440000004
[7, 4]	87116.8574
[7, 5]	94719.6938
[7, 6]	67960.46370000001
[7, 7]	71591.7362
[7, 8]	86302.06250000001
[7, 9]	78563.99890000002
[70, 0]	48542.65890000001
[70, 10]	81669.76099999997
[70, 11]	45804.7448
[70, 12]	89110.35680000001
[70, 13]	80047.4079
[70, 14]	74074.7219
[70, 15]	74863.1699
[70, 16]	77356.67039999999
[70, 17]	72916.48339999998
[70, 18]	54031.4752
[70, 19]	69127.86850000001
[70, 1]	62831.57420000002
[70, 2]	83045.4693
[70, 3]	61159.731900000006
[70, 4]	85418.98639999998
[70, 5]	83782.64600000001
[70, 6]	56029.29310000001
[70, 7]	68567.10759999997
[70, 8]	80518.61169999998
[70, 9]	62399.700600000004
[71, 0]	55970.133
[71, 10]	64751.1406
[71, 11]	45638.463
[71, 12]	91024.599
[71, 13]	93849.03129999997
[71, 14]	68263.6978
[71, 15]	80590.37199999999
[71, 16]	64119.63290000001
[71, 17]	72746.0207
[71, 18]	72780.3165
[71, 19]	76279.08799999999
[71, 1]	63631.41769999999
[71, 2]	66227.16320000001
[71, 3]	57994.501399999994
[71, 4]	62257.6757
[71, 5]	90365.978
[71, 6]	56560.06659999999
[71, 7]	70282.9731
[71, 8]	65199.285
[71, 9]	84435.0105
[72, 0]	58328.1855
[72, 10]	44119.30020000001
[72, 11]	44460.2685
[72, 12]	98907.51440000003
[72, 13]	74632.2028
[72, 14]	56922.98129999999
[72, 15]	71183.141
[72, 16]	55870.67889999999
[72, 17]	80685.31089999997
[72, 18]	51624.78059999999
[72, 19]	43330.49509999999
[72, 1]	61723.94840000001
[72, 2]	57548.234699999986
[72, 3]	70201.99
[72, 4]	69924.2949
[72, 5]	80334.14969999998
[72, 6]	57331.157499999994
[72, 7]	56737.67120000001
[72, 8]	67062.77299999999
[72, 9]	58987.18979999999
[73, 0]	61236.98150000001
[73, 10]	67524.30989999998
[73, 11]	51413.66159999999
[73, 12]	84223.37430000002
[73, 13]	83760.10259999998
[73, 14]	61370.831
[73, 15]	92138.36539999998
[73, 16]	54593.8636
[73, 17]	79629.189
[73, 18]	66400.2827
[73, 19]	61048.3339
[73, 1]	71485.4189
[73, 2]	62568.895899999996
[73, 3]	56219.586599999995
[73, 4]	69171.18299999999
[73, 5]	72351.1565
[73, 6]	51971.817200000005
[73, 7]	62080.49160000001
[73, 8]	67160.41389999999
[73, 9]	70379.3175
[74, 0]	62055.69969999999
[74, 10]	82078.919
[74, 11]	46348.887100000014
[74, 12]	109786.19520000005
[74, 13]	86194.73429999998
[74, 14]	81138.79220000001
[74, 15]	61272.53109999999
[74, 16]	72390.44469999998
[74, 17]	77169.63299999999
[74, 18]	68415.63859999999
[74, 19]	59155.69410000001
[74, 1]	77664.2821
[74, 2]	78169.94029999997
[74, 3]	85398.6509
[74, 4]	90727.9965
[74, 5]	97701.2396
[74, 6]	56349.23020000001
[74, 7]	80729.44799999999
[74, 8]	71086.64589999999
[74, 9]	72534.4551
[75, 0]	60144.744000000006
[75, 10]	74712.4148
[75, 11]	52660.9504
[75, 12]	94495.95019999998
[75, 13]	92618.76750000002
[75, 14]	62614.7485
[75, 15]	88871.63150000002
[75, 16]	70518.214
[75, 17]	80324.68540000002
[75, 18]	77697.6619
[75, 19]	74736.46060000002
[75, 1]	76168.8029
[75, 2]	82162.5302
[75, 3]	71706.35710000001
[75, 4]	89933.65240000002
[75, 5]	91863.9574
[75, 6]	58649.45910000001
[75, 7]	84559.39630000001
[75, 8]	75034.2635
[75, 9]	77327.5462
[76, 0]	72073.65169999999
[76, 10]	77125.42910000001
[76, 11]	37639.94419999999
[76, 12]	106732.14500000002
[76, 13]	93661.5076
[76, 14]	91415.2484
[76, 15]	91863.2158
[76, 16]	80345.20150000001
[76, 17]	83832.1546
[76, 18]	85496.8388
[76, 19]	55831.3232
[76, 1]	86291.26359999999
[76, 2]	89229.9044
[76, 3]	76408.0779
[76, 4]	86463.30850000001
[76, 5]	93782.81000000001
[76, 6]	57581.43499999998
[76, 7]	77103.00690000001
[76, 8]	96229.09439999997
[76, 9]	68921.5926
[77, 0]	63431.94630000002
[77, 10]	65516.78890000001
[77, 11]	40795.7422
[77, 12]	78322.8963
[77, 13]	76416.9253
[77, 14]	67866.4289
[77, 15]	84172.42940000001
[77, 16]	55729.3975
[77, 17]	64644.467999999986
[77, 18]	66022.1161
[77, 19]	52432.090899999996
[77, 1]	66378.659
[77, 2]	65544.47730000001
[77, 3]	70509.46220000001
[77, 4]	66991.98629999999
[77, 5]	74240.0918
[77, 6]	44357.6787
[77, 7]	61757.63
[77, 8]	69197.7954
[77, 9]	69524.4136
[78, 0]	70605.9958
[78, 10]	62428.68189999998
[78, 11]	40001.3615
[78, 12]	80166.5656
[78, 13]	75375.01059999998
[78, 14]	67975.74760000002
[78, 15]	88303.07989999998
[78, 16]	86684.75170000001
[78, 17]	74456.401
[78, 18]	72073.5864
[78, 19]	65538.6406
[78, 1]	58846.25840000001
[78, 2]	66755.8201
[78, 3]	86580.763
[78, 4]	75736.6103
[78, 5]	88896.36149999998
[78, 6]	56263.420900000005
[78, 7]	63425.698300000004
[78, 8]	80096.37189999997
[78, 9]	68543.84100000001
[79, 0]	65904.54209999999
[79, 10]	71448.1847
[79, 11]	54926.7965
[79, 12]	98745.79849999998
[79, 13]	89473.42930000002
[79, 14]	76645.5998
[79, 15]	95221.79920000002
[79, 16]	60166.8716
[79, 17]	84423.3061
[79, 18]	77265.6864
[79, 19]	61296.96370000001
[79, 1]	61237.47759999999
[79, 2]	80117.82429999998
[79, 3]	77104.50339999999
[79, 4]	100993.67239999998
[79, 5]	93767.49510000001
[79, 6]	70114.7266
[79, 7]	88166.16029999999
[79, 8]	84846.9101
[79, 9]	68997.49129999998
[8, 0]	67149.35600000001
[8, 10]	78832.15319999999
[8, 11]	42153.1635
[8, 12]	80905.96810000001
[8, 13]	68979.6875
[8, 14]	87284.90959999998
[8, 15]	85388.84709999998
[8, 16]	63655.9281
[8, 17]	80061.03910000001
[8, 18]	51548.79000000001
[8, 19]	53609.828
[8, 1]	65050.357699999986
[8, 2]	71275.2736
[8, 3]	73092.96549999999
[8, 4]	87915.7899
[8, 5]	88241.726
[8, 6]	58056.3501
[8, 7]	67316.05170000003
[8, 8]	86972.0964
[8, 9]	76275.98419999999
[80, 0]	60804.943300000006
[80, 10]	73612.3973
[80, 11]	52227.00290000001
[80, 12]	101242.04790000002
[80, 13]	78378.2301
[80, 14]	78441.53469999999
[80, 15]	92429.85560000002
[80, 16]	79611.16459999997
[80, 17]	74632.49040000001
[80, 18]	68760.2601
[80, 19]	65426.19
[80, 1]	71477.0914
[80, 2]	67523.37819999999
[80, 3]	53344.8026
[80, 4]	79699.88130000001
[80, 5]	76487.78829999999
[80, 6]	56224.087
[80, 7]	67769.6753
[80, 8]	79814.6755
[80, 9]	103417.59340000001
[81, 0]	66540.25760000001
[81, 10]	56618.6395
[81, 11]	48275.34399999999
[81, 12]	88599.34690000002
[81, 13]	80273.7779
[81, 14]	78191.6412
[81, 15]	81234.6976
[81, 16]	63833.49099999997
[81, 17]	80233.5333
[81, 18]	59623.3708
[81, 19]	51658.675200000005
[81, 1]	63829.5604
[81, 2]	57294.703499999996
[81, 3]	72746.33769999999
[81, 4]	77179.61110000001
[81, 5]	85897.76160000001
[81, 6]	47372.965000000004
[81, 7]	61685.30919999999
[81, 8]	76913.62410000002
[81, 9]	83602.83270000001
[82, 0]	55205.92139999999
[82, 10]	75616.8675
[82, 11]	37144.3871
[82, 12]	79885.4233
[82, 13]	80072.44829999997
[82, 14]	60965.791999999994
[82, 15]	81139.2675
[82, 16]	71786.508
[82, 17]	62472.6916
[82, 18]	58996.329199999986
[82, 19]	64395.70510000002
[82, 1]	73648.58240000001
[82, 2]	69871.90960000001
[82, 3]	71407.97069999999
[82, 4]	77040.57740000001
[82, 5]	80069.1044
[82, 6]	57580.1498
[82, 7]	60810.4245
[82, 8]	75132.7526
[82, 9]	66957.21999999999
[83, 0]	86379.4996
[83, 10]	88695.25710000003
[83, 11]	60506.10569999999
[83, 12]	97779.1409
[83, 13]	89467.65710000001
[83, 14]	87563.5459
[83, 15]	99948.8464
[83, 16]	74418.68800000001
[83, 17]	88602.87050000003
[83, 18]	54869.40159999999
[83, 19]	81913.7343
[83, 1]	81831.00410000002
[83, 2]	77866.74369999999
[83, 3]	89294.34629999998
[83, 4]	93548.0511
[83, 5]	94422.7653
[83, 6]	63985.4318
[83, 7]	74617.9873
[83, 8]	90535.2704
[83, 9]	77699.79500000001
[84, 0]	70837.5774
[84, 10]	85159.21789999999
[84, 11]	53063.9637
[84, 12]	103186.84510000002
[84, 13]	93340.2383
[84, 14]	66387.40569999999
[84, 15]	116381.75100000002
[84, 16]	65859.5022
[84, 17]	96272.10089999999
[84, 18]	80484.1216
[84, 19]	68257.0889
[84, 1]	76818.7566
[84, 2]	60016.377
[84, 3]	81114.4871
[84, 4]	91397.97579999999
[84, 5]	96039.7849
[84, 6]	67299.4938
[84, 7]	68675.3706
[84, 8]	77829.9745
[84, 9]	91431.33310000002
[85, 0]	60766.115500000014
[85, 10]	87212.6462
[85, 11]	49600.3195
[85, 12]	67944.20469999999
[85, 13]	75224.42839999999
[85, 14]	63452.2742
[85, 15]	81305.68600000002
[85, 16]	61742.02229999999
[85, 17]	83570.8647
[85, 18]	53815.936399999984
[85, 19]	54456.51240000001
[85, 1]	64187.2567
[85, 2]	60527.912599999996
[85, 3]	63092.466799999995
[85, 4]	88870.67849999997
[85, 5]	71898.46969999999
[85, 6]	61365.41070000001
[85, 7]	58333.3474
[85, 8]	74024.87490000001
[85, 9]	69739.71819999999
[86, 0]	70329.62699999998
[86, 10]	73909.6187
[86, 11]	59360.80790000002
[86, 12]	100440.04630000002
[86, 13]	95355.25570000002
[86, 14]	64624.257699999995
[86, 15]	83296.913
[86, 16]	81694.25200000002
[86, 17]	77275.39740000002
[86, 18]	55708.64389999999
[86, 19]	89380.6907
[86, 1]	64018.368100000014
[86, 2]	63444.08449999999
[86, 3]	77998.24209999999
[86, 4]	70898.06940000002
[86, 5]	87996.28210000003
[86, 6]	60455.64140000001
[86, 7]	62893.58419999999
[86, 8]	79716.51799999998
[86, 9]	82426.14560000003
[87, 0]	70593.81629999999
[87, 10]	67883.99150000002
[87, 11]	51958.52519999999
[87, 12]	91540.10640000003
[87, 13]	82022.93759999999
[87, 14]	63599.8589
[87, 15]	70530.78459999998
[87, 16]	75122.4425
[87, 17]	76239.3036
[87, 18]	58464.553499999995
[87, 19]	70284.59049999999
[87, 1]	72748.84599999999
[87, 2]	73356.3312
[87, 3]	64759.41759999999
[87, 4]	76364.97959999999
[87, 5]	70842.5153
[87, 6]	60001.03439999999
[87, 7]	73134.70959999999
[87, 8]	72586.94759999998
[87, 9]	66697.8545
[88, 0]	76331.894
[88, 10]	78463.61450000001
[88, 11]	49188.67509999999
[88, 12]	103232.6226
[88, 13]	88770.71889999998
[88, 14]	62925.0706
[88, 15]	110024.51069999998
[88, 16]	77900.5098
[88, 17]	89965.56580000001
[88, 18]	79634.7065
[88, 19]	58077.92759999999
[88, 1]	70282.12220000001
[88, 2]	68274.82830000001
[88, 3]	86235.3171
[88, 4]	103160.77940000001
[88, 5]	75441.47290000001
[88, 6]	63995.06830000001
[88, 7]	65534.496299999984
[88, 8]	84957.26969999999
[88, 9]	69020.01770000001
[89, 0]	62321.4803
[89, 10]	69633.03649999999
[89, 11]	48774.12260000001
[89, 12]	112481.18149999999
[89, 13]	89229.78050000002
[89, 14]	97956.4506
[89, 15]	92524.8493
[89, 16]	72383.6561
[89, 17]	81835.56719999998
[89, 18]	71918.43950000001
[89, 19]	63440.31590000001
[89, 1]	83298.7156
[89, 2]	85751.1731
[89, 3]	72480.9563
[89, 4]	79782.27739999999
[89, 5]	93015.83709999999
[89, 6]	48545.162599999996
[89, 7]	84173.11329999998
[89, 8]	78081.18260000001
[89, 9]	75101.82410000001
[9, 0]	67872.5344
[9, 10]	76303.7159
[9, 11]	50959.315599999994
[9, 12]	84250.83039999998
[9, 13]	88123.83700000001
[9, 14]	66427.4607
[9, 15]	81181.67240000001
[9, 16]	76404.555
[9, 17]	63861.25369999998
[9, 18]	63195.7474
[9, 19]	79290.5132
[9, 1]	61817.30809999999
[9, 2]	71117.1691
[9, 3]	70700.4681
[9, 4]	72223.1633
[9, 5]	89317.2555
[9, 6]	55742.765199999994
[9, 7]	74942.58149999999
[9, 8]	75264.43849999999
[9, 9]	70087.99060000002
[90, 0]	77397.65290000002
[90, 10]	90633.2051
[90, 11]	67446.9081
[90, 12]	111029.86559999999
[90, 13]	105259.54359999998
[90, 14]	100563.54830000001
[90, 15]	94756.4231
[90, 16]	80926.49009999998
[90, 17]	97261.60339999999
[90, 18]	88679.3051
[90, 19]	80162.15680000001
[90, 1]	88849.87759999999
[90, 2]	102008.45710000001
[90, 3]	101152.43750000003
[90, 4]	107920.96329999997
[90, 5]	98651.92459999998
[90, 6]	81734.5054
[90, 7]	95177.2838
[90, 8]	106162.00749999999
[90, 9]	87242.73509999999
[91, 0]	70973.9419
[91, 10]	94942.79769999998
[91, 11]	38223.212199999994
[91, 12]	95890.70169999998
[91, 13]	86877.15259999999
[91, 14]	88049.4024
[91, 15]	84653.6643
[91, 16]	68175.1571
[91, 17]	84810.19309999999
[91, 18]	69948.8901
[91, 19]	61804.91849999999
[91, 1]	90564.61539999998
[91, 2]	77334.99230000001
[91, 3]	78024.14050000001
[91, 4]	93053.97529999998
[91, 5]	96549.41910000001
[91, 6]	56080.6547
[91, 7]	81628.08459999999
[91, 8]	81266.87620000001
[91, 9]	77942.07960000001
[92, 0]	73311.21019999999
[92, 10]	69831.9668
[92, 11]	54777.033
[92, 12]	74437.75309999999
[92, 13]	83153.45460000001
[92, 14]	81841.47739999999
[92, 15]	97347.36260000001
[92, 16]	74372.1853
[92, 17]	69336.2695
[92, 18]	63073.4636
[92, 19]	69152.9024
[92, 1]	62307.36870000001
[92, 2]	60032.67010000001
[92, 3]	75506.72540000001
[92, 4]	72546.71349999997
[92, 5]	85382.38290000003
[92, 6]	61723.62120000001
[92, 7]	72744.47879999998
[92, 8]	94853.40530000003
[92, 9]	80959.3251
[93, 0]	70422.12280000001
[93, 10]	77612.51719999999
[93, 11]	63755.408599999995
[93, 12]	96216.7323
[93, 13]	111953.20749999997
[93, 14]	68457.47860000002
[93, 15]	89706.86040000002
[93, 16]	63878.579199999986
[93, 17]	99379.2757
[93, 18]	73704.04900000003
[93, 19]	71871.6746
[93, 1]	75537.02239999999
[93, 2]	64477.8548
[93, 3]	75512.90079999999
[93, 4]	98922.1227
[93, 5]	91649.31319999996
[93, 6]	83915.81079999999
[93, 7]	80145.95420000001
[93, 8]	79577.38190000001
[93, 9]	79687.92069999999
[94, 0]	71607.5903
[94, 10]	72051.3664
[94, 11]	60688.88510000001
[94, 12]	106504.56340000004
[94, 13]	100115.30369999997
[94, 14]	78360.9427
[94, 15]	102597.29610000002
[94, 16]	76925.0642
[94, 17]	98066.96109999999
[94, 18]	79944.6258
[94, 19]	81487.3231
[94, 1]	78688.40610000001
[94, 2]	74574.7359
[94, 3]	81389.24159999998
[94, 4]	94476.4124
[94, 5]	91003.3094
[94, 6]	84406.88929999997
[94, 7]	80149.14570000002
[94, 8]	91809.30690000001
[94, 9]	83252.55570000001
[95, 0]	72313.7554
[95, 10]	90500.23849999998
[95, 11]	52253.460100000004
[95, 12]	92356.14069999999
[95, 13]	82683.81210000001
[95, 14]	58329.060399999995
[95, 15]	96621.20850000001
[95, 16]	70511.69399999999
[95, 17]	67081.34400000001
[95, 18]	50146.3744
[95, 19]	79912.30079999998
[95, 1]	66381.60870000001
[95, 2]	62882.873999999996
[95, 3]	80323.7245
[95, 4]	75418.5481
[95, 5]	80722.2851
[95, 6]	53895.6373
[95, 7]	67269.04119999999
[95, 8]	64418.65529999999
[95, 9]	76987.1699
[96, 0]	66742.41339999998
[96, 10]	65588.9882
[96, 11]	50025.42360000001
[96, 12]	89623.2894
[96, 13]	89149.5873
[96, 14]	76261.58970000001
[96, 15]	102757.3855
[96, 16]	65129.1048
[96, 17]	76380.0775
[96, 18]	47765.539500000006
[96, 19]	60930.65570000001
[96, 1]	72862.86850000001
[96, 2]	69212.16859999999
[96, 3]	82748.1556
[96, 4]	79737.03769999999
[96, 5]	91649.2527
[96, 6]	58918.78039999999
[96, 7]	68639.2744
[96, 8]	80091.23220000001
[96, 9]	71896.19720000001
[97, 0]	62239.321200000006
[97, 10]	80730.61720000001
[97, 11]	51666.009600000005
[97, 12]	100646.65849999998
[97, 13]	100662.6048
[97, 14]	67754.20870000002
[97, 15]	86298.86400000002
[97, 16]	74952.389
[97, 17]	80060.97439999999
[97, 18]	68283.38580000002
[97, 19]	68221.02890000002
[97, 1]	71222.3165
[97, 2]	62522.6763
[97, 3]	69805.9551
[97, 4]	73099.7287
[97, 5]	88741.3079
[97, 6]	66511.0583
[97, 7]	73659.20419999998
[97, 8]	77457.38159999998
[97, 9]	81076.82399999998
[98, 0]	69538.1028
[98, 10]	75688.0914
[98, 11]	43109.0657
[98, 12]	102559.4425
[98, 13]	92002.2487
[98, 14]	77396.7852
[98, 15]	100218.57549999996
[98, 16]	85594.52490000003
[98, 17]	89200.35719999997
[98, 18]	75166.3749
[98, 19]	57038.98620000001
[98, 1]	74289.60630000001
[98, 2]	62876.76469999999
[98, 3]	69395.31120000001
[98, 4]	91519.2568
[98, 5]	82099.0462
[98, 6]	69126.57970000002
[98, 7]	69696.9271
[98, 8]	87814.41999999998
[98, 9]	73599.5377
[99, 0]	77573.57639999999
[99, 10]	83465.73689999999
[99, 11]	56097.800500000005
[99, 12]	120183.32920000002
[99, 13]	117775.92520000003
[99, 14]	75999.02939999998
[99, 15]	121867.0658
[99, 16]	92520.1948
[99, 17]	86172.20389999998
[99, 18]	75805.63369999999
[99, 19]	83278.52549999999
[99, 1]	71439.7894
[99, 2]	93105.70059999998
[99, 3]	100260.9829
[99, 4]	94457.0402
[99, 5]	103304.1554
[99, 6]	80156.2885
[99, 7]	78395.61060000001
[99, 8]	92397.8705
[99, 9]	77338.42949999998
