0,0,52.16
0,1,65.35
0,2,21.60
0,3,12.19
0,4,60.07
0,5,42.65
0,6,0.65
0,8,17.18
0,9,68.58
0,10,26.85
0,11,43.33
0,13,14.96
0,14,50.27
0,16,31.15
0,17,17.13
0,18,4.04
0,20,28.27
0,22,43.22
0,24,77.69
0,25,67.86
0,27,22.01
0,28,82.26
0,29,9.41
0,30,62.25
0,31,21.55
0,32,19.35
0,33,67.50
0,35,94.60
0,37,3.19
0,39,30.80
0,40,44.34
0,42,86.24
0,43,52.51
0,44,93.18
0,46,71.87
0,49,8.89
1,0,44.59
1,1,91.19
1,2,70.80
1,3,62.29
1,4,25.59
1,5,41.48
1,6,11.61
1,8,34.83
1,9,82.91
1,10,66.39
1,11,46.25
1,13,43.41
1,14,59.68
1,16,22.21
1,18,39.30
1,19,10.08
1,20,60.57
1,21,53.70
1,22,5.17
1,24,55.94
1,25,73.37
1,26,40.69
1,27,32.38
1,28,33.47
1,29,11.42
1,30,4.21
1,31,46.85
1,32,82.49
1,34,94.98
1,36,7.30
1,37,90.72
1,38,67.90
1,40,92.24
1,41,43.22
1,42,69.79
1,43,99.95
1,44,83.55
1,45,65.28
1,46,37.13
1,47,52.16
1,49,46.04
2,0,80.59
2,1,0.26
2,4,50.06
2,6,19.66
2,7,20.54
2,8,90.32
2,10,58.97
2,11,79.45
2,12,13.24
2,13,50.72
2,14,45.69
2,15,26.40
2,16,63.86
2,18,84.07
2,20,28.65
2,21,94.94
2,22,69.87
2,23,84.68
2,24,2.52
2,27,95.24
2,28,84.85
2,30,6.34
2,31,42.53
2,33,11.87
2,34,38.76
2,35,27.82
2,38,49.87
2,41,54.30
2,42,42.80
2,43,35.78
2,45,9.17
2,46,44.79
2,47,20.73
3,0,36.41
3,2,82.31
3,3,47.37
3,4,22.49
3,5,21.93
3,6,73.75
3,7,79.20
3,8,3.12
3,10,49.88
3,11,86.19
3,12,5.50
3,13,23.13
3,15,49.81
3,16,5.82
3,17,30.34
3,18,5.65
3,19,59.05
3,21,40.42
3,22,25.26
3,23,33.58
3,24,30.18
3,27,58.81
3,29,83.40
3,30,34.32
3,32,5.45
3,34,59.51
3,36,37.60
3,37,54.12
3,38,64.11
3,39,71.19
3,40,56.14
3,41,25.67
3,42,60.56
3,43,58.19
3,44,41.04
3,45,35.13
3,46,50.53
3,47,68.14
4,0,30.72
4,1,89.83
4,3,55.38
4,5,63.16
4,6,64.58
4,7,93.02
4,8,10.59
4,9,2.35
4,11,35.01
4,13,55.03
4,14,32.59
4,15,69.98
4,17,55.18
4,18,70.99
4,19,6.82
4,22,53.98
4,23,28.41
4,24,58.45
4,25,70.77
4,26,31.82
4,27,22.64
4,28,16.60
4,29,74.28
4,30,86.71
4,31,3.17
4,32,25.03
4,33,9.44
4,34,83.17
4,35,15.53
4,38,6.86
4,40,82.23
4,41,68.33
4,42,59.94
4,43,51.51
4,44,86.54
4,45,0.79
4,46,98.87
4,47,34.29
4,48,96.80
4,49,71.55
5,0,92.32
5,1,18.80
5,2,15.04
5,3,3.79
5,4,93.57
5,7,63.34
5,8,41.35
5,10,2.03
5,11,33.18
5,12,85.21
5,13,36.92
5,14,78.38
5,15,57.57
5,17,39.73
5,18,61.36
5,19,87.84
5,20,66.41
5,21,22.00
5,22,61.62
5,23,2.04
5,25,37.56
5,26,14.59
5,27,80.79
5,28,77.85
5,29,51.24
5,30,87.41
5,31,7.65
5,33,45.64
5,34,6.02
5,37,70.96
5,38,27.44
5,39,86.27
5,40,3.40
5,43,84.13
5,44,19.95
5,46,85.88
5,47,62.97
5,48,34.61
5,49,13.32
6,0,31.55
6,1,84.77
6,2,90.94
6,4,62.58
6,5,82.69
6,6,93.22
6,7,6.98
6,8,31.47
6,9,48.73
6,10,96.81
6,11,8.03
6,12,37.38
6,13,82.21
6,14,8.11
6,15,37.08
6,17,55.39
6,18,38.00
6,19,31.70
6,20,71.36
6,21,40.09
6,22,2.30
6,23,53.42
6,24,43.93
6,25,51.17
6,26,64.38
6,27,45.75
6,28,70.15
6,30,1.34
6,31,43.32
6,32,91.84
6,33,15.91
6,35,99.48
6,37,44.97
6,38,73.82
6,39,38.52
6,40,48.98
6,41,83.25
6,43,34.31
6,44,46.79
6,46,78.08
6,47,73.47
6,48,90.09
6,49,48.68
7,0,55.93
7,3,51.75
7,4,20.96
7,6,42.20
7,7,42.01
7,8,75.12
7,9,63.11
7,11,60.99
7,12,40.95
7,13,36.88
7,14,98.58
7,15,66.06
7,16,50.46
7,17,32.28
7,18,63.13
7,19,58.66
7,20,35.23
7,21,46.04
7,22,62.73
7,23,40.37
7,24,63.91
7,25,84.71
7,26,69.18
7,27,23.96
7,28,70.11
7,29,78.67
7,30,34.43
7,32,75.55
7,33,37.18
7,35,47.62
7,36,75.18
7,37,35.71
7,38,1.74
7,41,8.99
7,43,42.65
7,44,55.23
7,45,27.55
7,46,82.81
7,48,74.23
7,49,51.39
8,0,28.69
8,2,73.18
8,3,9.27
8,4,21.19
8,5,78.27
8,7,62.35
8,8,80.37
8,10,27.43
8,12,83.22
8,13,7.76
8,14,41.17
8,15,27.00
8,16,91.30
8,17,13.99
8,18,75.52
8,19,55.06
8,20,41.48
8,21,26.38
8,23,6.70
8,24,81.75
8,25,28.94
8,27,4.69
8,29,78.25
8,30,27.13
8,31,63.67
8,33,74.11
8,34,59.99
8,35,61.86
8,36,10.40
8,38,10.67
8,39,68.14
8,40,25.96
8,42,44.48
8,43,81.05
8,44,51.75
8,45,54.48
8,46,35.68
8,47,7.60
8,48,33.28
8,49,79.40
9,0,73.10
9,2,92.16
9,4,83.72
9,5,18.71
9,6,36.19
9,10,2.92
9,12,48.69
9,13,95.51
9,14,50.30
9,15,44.63
9,17,87.31
9,18,16.94
9,19,92.89
9,20,72.21
9,21,68.33
9,22,84.49
9,23,73.22
9,24,54.04
9,25,56.04
9,28,69.28
9,29,9.36
9,30,97.82
9,31,32.84
9,32,23.48
9,33,60.66
9,34,23.47
9,36,43.05
9,37,48.12
9,38,54.12
9,40,31.74
9,41,1.20
9,43,25.35
9,45,72.71
9,46,10.05
9,48,63.69
9,49,7.03
10,0,89.76
10,2,47.37
10,4,23.85
10,5,48.47
10,6,69.24
10,7,74.54
10,8,83.07
10,9,52.17
10,10,41.77
10,11,12.64
10,12,81.14
10,13,81.73
10,14,83.74
10,15,2.65
10,16,24.44
10,17,93.91
10,18,11.88
10,20,76.88
10,22,92.70
10,23,86.39
10,24,39.48
10,25,75.18
10,26,21.71
10,27,89.35
10,28,58.87
10,29,33.35
10,30,68.71
10,31,88.05
10,32,74.14
10,33,56.30
10,34,56.93
10,35,60.30
10,37,28.45
10,38,3.35
10,39,86.79
10,40,19.88
10,41,92.71
10,42,78.98
10,43,66.09
10,45,15.99
10,47,37.10
10,48,47.65
10,49,88.56
11,0,81.71
11,1,14.47
11,3,10.44
11,4,44.94
11,6,60.52
11,8,10.07
11,9,57.73
11,10,32.37
11,14,45.90
11,15,28.40
11,16,21.10
11,18,47.42
11,19,50.26
11,21,82.55
11,22,23.54
11,23,87.12
11,24,91.59
11,25,28.20
11,26,65.66
11,28,51.82
11,30,34.01
11,31,69.35
11,32,23.00
11,33,51.42
11,34,44.57
11,36,33.77
11,37,97.22
11,38,88.88
11,39,74.02
11,40,11.77
11,41,54.98
11,42,14.77
11,43,76.77
11,44,62.44
11,45,50.96
11,46,21.27
11,47,96.49
11,48,51.16
11,49,46.23
12,0,28.45
12,1,53.51
12,3,84.41
12,4,9.49
12,5,86.77
12,6,27.91
12,8,7.34
12,10,39.12
12,11,98.38
12,13,51.72
12,14,11.79
12,16,92.46
12,17,98.78
12,19,60.34
12,20,9.17
12,21,64.00
12,24,63.10
12,25,2.80
12,27,5.85
12,29,0.03
12,32,13.85
12,33,39.71
12,34,50.19
12,35,46.37
12,36,50.40
12,37,23.99
12,38,76.24
12,39,19.85
12,40,64.87
12,41,3.80
12,42,72.70
12,43,44.21
12,44,61.14
12,45,92.87
12,46,49.70
12,47,64.17
12,48,20.82
12,49,34.37
13,0,98.11
13,1,46.18
13,3,29.88
13,4,60.99
13,5,13.96
13,6,67.80
13,7,54.96
13,8,66.92
13,10,97.66
13,12,64.99
13,15,98.80
13,17,27.09
13,18,71.94
13,19,21.58
13,20,41.71
13,21,0.45
13,22,12.13
13,23,24.55
13,25,33.09
13,26,65.26
13,27,26.01
13,28,8.64
13,29,8.38
13,30,29.58
13,31,61.63
13,32,87.62
13,33,95.40
13,34,47.75
13,35,84.20
13,36,22.96
13,37,1.29
13,38,28.56
13,39,33.34
13,40,41.52
13,41,66.47
13,43,46.14
13,44,34.62
13,46,47.82
13,47,48.19
13,49,7.97
14,1,19.96
14,4,40.73
14,5,20.83
14,6,93.26
14,7,81.65
14,9,81.74
14,10,3.73
14,12,95.00
14,14,72.13
14,15,63.42
14,18,59.25
14,19,90.06
14,20,89.95
14,22,67.60
14,24,73.05
14,25,27.76
14,27,100.00
14,28,41.75
14,29,90.96
14,30,92.35
14,31,38.93
14,32,49.60
14,33,2.26
14,34,82.88
14,36,22.26
14,38,91.59
14,39,4.60
14,40,15.40
14,41,83.40
14,42,16.68
14,43,32.59
14,44,52.08
14,46,65.93
14,47,9.04
14,49,90.30
15,0,53.98
15,3,45.29
15,4,27.28
15,5,14.20
15,6,1.32
15,7,39.99
15,10,76.16
15,12,39.13
15,13,54.97
15,14,15.14
15,15,14.53
15,16,58.84
15,18,30.01
15,20,62.78
15,21,4.82
15,22,73.10
15,24,63.31
15,26,16.32
15,27,57.10
15,28,79.06
15,29,61.27
15,30,41.67
15,31,71.31
15,32,75.86
15,33,10.80
15,34,26.71
15,35,9.64
15,38,16.34
15,39,77.57
15,40,19.36
15,41,60.47
15,42,65.97
15,45,75.21
15,46,2.14
15,47,50.35
15,48,58.88
16,1,5.68
16,2,23.19
16,3,91.38
16,5,17.06
16,6,72.91
16,9,57.90
16,11,54.62
16,12,21.43
16,13,31.22
16,14,29.89
16,15,60.11
16,16,41.31
16,17,3.50
16,18,4.96
16,22,84.46
16,23,78.62
16,24,79.77
16,25,33.91
16,26,62.73
16,27,98.72
16,28,24.06
16,30,13.50
16,31,28.82
16,32,26.60
16,33,95.07
16,34,36.03
16,35,83.50
16,36,64.01
16,38,99.33
16,39,47.68
16,42,40.64
16,43,83.11
16,44,60.12
16,46,90.81
16,47,92.98
16,48,85.66
17,1,3.83
17,2,13.84
17,3,41.11
17,4,30.40
17,6,63.78
17,7,20.20
17,8,26.63
17,9,73.72
17,10,37.66
17,11,85.07
17,12,17.84
17,13,93.43
17,14,49.74
17,15,37.64
17,16,2.85
17,17,9.19
17,20,87.89
17,22,92.51
17,23,86.79
17,24,9.84
17,25,67.54
17,26,9.03
17,28,90.48
17,30,52.60
17,31,80.22
17,35,94.90
17,36,40.71
17,37,66.25
17,38,20.28
17,39,89.03
17,41,90.22
17,42,92.91
17,45,3.12
17,46,1.96
17,47,93.36
17,48,97.08
18,0,72.19
18,2,27.08
18,4,87.41
18,5,28.70
18,6,91.95
18,7,80.97
18,8,72.46
18,9,94.06
18,11,42.51
18,12,18.55
18,13,18.91
18,14,92.63
18,15,65.98
18,17,67.14
18,18,35.59
18,19,81.72
18,20,27.78
18,22,59.08
18,23,88.59
18,24,37.09
18,25,5.31
18,26,73.18
18,27,6.37
18,28,6.81
18,31,12.55
18,32,19.46
18,33,29.56
18,34,73.97
18,36,12.36
18,37,39.39
18,38,36.44
18,39,92.96
18,40,58.69
18,41,90.74
18,42,28.22
18,43,12.62
18,46,95.55
18,47,21.44
18,48,21.56
18,49,62.60
19,0,37.08
19,1,90.10
19,2,47.33
19,3,18.27
19,4,99.30
19,5,5.87
19,6,65.84
19,7,74.17
19,9,60.33
19,11,44.13
19,12,32.42
19,14,24.51
19,15,93.51
19,17,63.69
19,18,13.57
19,19,16.71
19,21,30.89
19,22,35.80
19,24,64.21
19,25,69.60
19,27,74.44
19,28,58.18
19,29,33.16
19,30,17.67
19,31,75.49
19,32,70.33
19,33,93.52
19,36,63.18
19,37,35.24
19,40,87.69
19,41,47.35
19,44,45.83
19,48,79.91
19,49,32.47
20,0,55.13
20,2,44.13
20,4,52.34
20,6,5.81
20,7,90.56
20,8,52.51
20,9,6.46
20,10,22.48
20,12,25.01
20,13,11.26
20,14,44.40
20,17,44.65
20,18,39.56
20,19,30.86
20,20,18.69
20,23,1.04
20,24,32.03
20,25,49.37
20,27,81.54
20,28,49.73
20,29,94.68
20,30,40.19
20,31,35.39
20,34,71.83
20,35,37.53
20,37,4.25
20,38,29.07
20,39,80.21
20,40,83.02
20,41,72.59
20,42,0.51
20,44,26.38
20,45,63.16
20,46,17.36
20,48,58.55
20,49,34.34
21,0,25.20
21,1,73.37
21,3,56.32
21,4,59.95
21,6,33.36
21,7,27.15
21,8,92.66
21,9,56.67
21,10,67.63
21,11,61.36
21,12,44.54
21,13,86.12
21,14,25.20
21,15,90.55
21,17,20.21
21,18,70.99
21,19,78.11
21,22,29.53
21,23,8.56
21,24,63.21
21,27,32.39
21,28,15.86
21,29,38.10
21,32,66.16
21,34,79.93
21,35,88.24
21,38,37.09
21,39,13.59
21,40,67.79
21,41,97.63
21,42,78.91
21,43,77.20
21,44,15.86
21,46,66.43
21,47,45.33
21,48,90.33
21,49,55.97
22,0,26.51
22,1,45.02
22,2,98.87
22,3,60.34
22,4,18.94
22,6,17.04
22,7,39.43
22,8,16.41
22,9,57.67
22,11,92.90
22,12,96.72
22,13,9.04
22,14,50.48
22,15,36.66
22,19,91.70
22,20,35.56
22,21,48.95
22,22,80.83
22,23,33.39
22,24,33.93
22,25,32.46
22,26,8.34
22,27,62.48
22,28,17.01
22,29,14.62
22,30,0.04
22,31,67.81
22,32,25.89
22,33,85.06
22,35,89.36
22,38,93.59
22,39,31.66
22,40,82.87
22,41,83.57
22,42,87.28
22,43,6.93
22,44,56.03
22,45,17.57
22,46,86.78
22,47,35.69
22,48,57.01
22,49,59.53
23,0,1.11
23,2,77.24
23,4,70.19
23,6,75.88
23,7,64.78
23,8,25.26
23,9,51.30
23,10,30.33
23,11,79.85
23,12,25.92
23,13,9.64
23,15,56.91
23,16,34.34
23,17,38.55
23,18,47.68
23,19,17.78
23,20,91.05
23,21,25.73
23,22,40.74
23,25,78.65
23,26,43.73
23,28,31.88
23,29,38.69
23,30,28.89
23,31,0.02
23,32,44.71
23,33,62.31
23,34,17.89
23,36,88.41
23,37,66.79
23,38,21.09
23,39,72.48
23,40,73.53
23,41,9.30
23,42,68.45
23,43,44.28
23,44,85.93
23,45,56.25
23,46,76.66
23,47,13.73
23,48,20.84
23,49,95.01
24,0,13.89
24,1,45.15
24,2,93.62
24,5,57.90
24,7,73.48
24,8,54.62
24,11,48.01
24,12,18.45
24,14,70.89
24,15,58.70
24,17,53.19
24,18,30.17
24,19,99.68
24,20,60.64
24,21,24.20
24,22,4.18
24,24,85.33
24,26,11.60
24,28,52.51
24,29,5.75
24,30,26.57
24,31,44.31
24,34,42.39
24,35,84.20
24,36,32.40
24,37,57.88
24,38,50.19
24,39,62.17
24,40,76.94
24,41,79.10
24,42,55.46
24,43,9.61
24,44,23.26
24,45,14.14
24,46,53.16
24,48,56.26
24,49,78.38
25,0,12.99
25,1,89.24
25,2,31.16
25,4,0.54
25,5,50.92
25,6,70.63
25,7,95.41
25,8,80.44
25,9,85.67
25,10,75.28
25,11,9.96
25,13,9.36
25,14,98.65
25,15,91.04
25,16,13.03
25,17,76.45
25,18,69.61
25,19,49.40
25,20,22.80
25,21,36.56
25,22,74.16
25,24,96.43
25,26,88.21
25,28,22.43
25,29,64.05
25,30,16.57
25,33,41.80
25,34,67.99
25,35,55.69
25,37,97.86
25,38,63.00
25,39,65.30
25,40,17.91
25,41,11.01
25,42,2.92
25,43,27.95
25,44,8.44
25,46,73.66
25,47,82.73
25,48,58.25
25,49,80.85
26,0,65.25
26,1,17.90
26,2,98.31
26,3,29.83
26,4,21.85
26,5,9.39
26,7,40.92
26,9,8.07
26,10,68.81
26,11,51.07
26,12,54.11
26,13,36.02
26,14,17.06
26,15,96.17
26,16,2.05
26,17,1.84
26,18,13.23
26,20,39.64
26,21,18.11
26,22,50.10
26,23,83.91
26,24,54.84
26,25,31.77
26,26,77.64
26,27,32.98
26,29,91.07
26,30,23.08
26,32,21.81
26,33,78.13
26,34,32.72
26,35,44.90
26,36,31.40
26,37,33.02
26,38,37.05
26,39,2.18
26,42,15.54
26,43,88.17
26,46,60.41
26,47,86.58
27,0,98.83
27,2,6.90
27,3,90.72
27,5,29.63
27,6,49.91
27,7,20.42
27,8,62.72
27,9,21.97
27,11,46.50
27,13,99.61
27,16,71.09
27,17,31.89
27,18,96.74
27,19,98.75
27,20,35.77
27,22,22.08
27,23,94.76
27,24,94.75
27,25,67.19
27,26,70.80
27,27,0.63
27,28,89.76
27,29,62.80
27,30,33.43
27,31,48.18
27,32,64.15
27,33,16.05
27,34,10.95
27,35,12.86
27,37,28.05
27,38,50.40
27,39,50.60
27,41,82.26
27,42,73.33
27,43,59.20
27,44,78.73
27,45,73.79
27,47,69.43
27,48,29.11
28,0,29.60
28,2,3.52
28,3,47.40
28,4,60.67
28,5,40.55
28,6,67.69
28,7,68.89
28,9,17.60
28,10,91.87
28,11,58.58
28,12,50.59
28,14,41.37
28,15,81.25
28,16,0.43
28,17,18.69
28,18,19.09
28,19,35.20
28,21,66.86
28,22,20.69
28,23,44.86
28,24,49.73
28,25,38.39
28,26,2.10
28,27,36.16
28,28,68.03
28,31,15.01
28,32,30.11
28,33,38.72
28,35,93.31
28,36,22.53
28,37,58.21
28,38,79.92
28,39,40.32
28,40,64.53
28,41,36.01
28,42,68.42
28,43,54.54
28,44,77.28
28,47,8.30
28,48,38.12
29,0,80.08
29,1,92.91
29,2,42.42
29,3,49.22
29,4,79.79
29,5,92.91
29,9,33.23
29,10,43.76
29,11,82.03
29,12,22.54
29,13,66.87
29,14,95.48
29,16,51.91
29,17,45.53
29,18,5.14
29,19,18.37
29,21,38.43
29,24,2.60
29,25,96.88
29,27,60.10
29,28,57.89
29,29,47.50
29,30,47.38
29,32,53.50
29,34,53.75
29,35,93.95
29,36,86.43
29,37,71.76
29,38,94.72
29,39,67.96
29,41,71.90
29,42,94.42
29,43,94.69
29,45,74.16
29,47,37.28
29,48,76.98
29,49,97.07
30,0,52.07
30,1,32.08
30,3,20.23
30,4,94.09
30,5,82.91
30,6,88.35
30,7,73.70
30,8,27.70
30,9,67.82
30,10,27.99
30,11,15.71
30,12,75.17
30,14,44.18
30,15,71.30
30,16,44.70
30,17,32.38
30,19,38.34
30,20,23.04
30,21,84.36
30,22,60.53
30,24,73.30
30,25,35.05
30,26,64.56
30,27,70.99
30,28,6.13
30,29,83.75
30,30,44.33
30,31,90.78
30,32,92.92
30,33,57.82
30,34,43.56
30,35,27.84
30,36,71.54
30,37,41.16
30,39,22.80
30,40,19.29
30,41,66.14
30,42,97.09
30,43,9.49
30,45,37.69
30,47,23.06
30,48,67.38
30,49,47.59
31,0,96.47
31,1,32.65
31,2,75.12
31,3,11.03
31,4,78.18
31,6,96.84
31,7,83.41
31,8,26.14
31,11,42.39
31,12,19.90
31,13,56.04
31,14,73.13
31,16,43.36
31,18,23.01
31,19,80.00
31,22,48.70
31,23,64.22
31,25,89.40
31,27,56.75
31,28,59.81
31,29,64.14
31,30,65.73
31,32,10.18
31,33,30.22
31,34,65.69
31,35,18.06
31,36,48.71
31,38,16.78
31,39,21.97
31,40,85.10
31,42,53.57
31,44,88.56
31,45,37.58
31,48,53.01
32,0,88.22
32,1,17.33
32,2,99.84
32,3,63.93
32,4,52.67
32,5,37.26
32,7,64.68
32,10,12.76
32,11,73.59
32,12,40.90
32,15,82.26
32,17,81.93
32,19,51.17
32,20,38.50
32,21,92.48
32,22,17.55
32,23,67.49
32,24,0.31
32,25,37.86
32,27,1.10
32,28,10.09
32,29,18.78
32,30,25.94
32,32,89.54
32,33,51.50
32,34,64.05
32,35,85.90
32,36,91.57
32,37,6.64
32,39,69.01
32,40,32.74
32,41,21.08
32,42,95.23
32,43,73.01
32,44,61.56
32,45,77.11
32,46,31.76
32,47,46.36
32,48,37.90
33,0,64.49
33,2,28.81
33,3,46.79
33,5,96.89
33,6,49.88
33,7,98.03
33,9,17.10
33,10,99.95
33,15,58.97
33,16,26.58
33,18,35.02
33,19,54.89
33,20,23.64
33,21,5.69
33,23,49.00
33,24,41.61
33,25,7.10
33,26,81.96
33,28,5.73
33,30,59.95
33,31,89.95
33,32,26.34
33,33,35.65
33,34,26.86
33,35,96.50
33,37,77.20
33,39,76.52
33,40,39.92
33,41,98.28
33,43,45.94
33,45,53.06
33,46,27.01
33,47,80.58
33,49,9.50
34,1,40.56
34,2,68.51
34,3,60.65
34,4,55.11
34,5,22.65
34,6,84.95
34,7,65.85
34,8,81.05
34,9,11.09
34,10,93.63
34,11,5.95
34,13,69.60
34,14,37.28
34,20,6.18
34,21,68.64
34,23,80.62
34,24,1.77
34,25,24.26
34,27,42.56
34,29,3.18
34,31,25.13
34,32,16.03
34,34,88.00
34,37,60.92
34,38,42.91
34,39,82.05
34,41,73.02
34,42,78.00
34,43,49.64
34,44,98.16
34,45,28.98
34,46,84.82
34,47,23.14
34,48,54.18
35,0,5.67
35,1,34.60
35,2,97.64
35,4,33.62
35,6,30.09
35,7,90.36
35,8,65.47
35,9,57.71
35,10,71.03
35,12,77.45
35,13,5.82
35,14,58.37
35,15,0.71
35,16,16.54
35,17,68.78
35,18,20.46
35,19,1.84
35,20,82.90
35,21,2.65
35,22,55.98
35,25,78.37
35,27,86.15
35,28,36.98
35,30,98.40
35,31,42.65
35,32,67.97
35,33,85.13
35,34,78.92
35,35,65.90
35,36,76.96
35,38,3.67
35,39,82.66
35,40,12.28
35,41,92.92
35,42,26.55
35,43,78.77
35,44,23.44
35,45,48.62
35,46,44.41
35,47,11.06
35,48,55.86
35,49,3.41
36,0,66.77
36,1,92.03
36,2,33.71
36,4,14.26
36,7,72.41
36,8,24.31
36,9,87.11
36,10,74.99
36,11,72.79
36,12,79.24
36,13,34.61
36,14,11.14
36,15,42.46
36,19,7.41
36,22,49.67
36,23,74.43
36,25,34.42
36,26,28.83
36,27,66.60
36,30,46.68
36,31,80.84
36,32,19.47
36,33,89.68
36,34,50.16
36,36,69.19
36,38,62.81
36,39,85.44
36,41,53.97
36,42,97.83
36,45,34.17
36,46,45.87
36,48,94.39
37,0,11.98
37,2,6.67
37,3,12.20
37,4,52.65
37,5,75.94
37,6,5.95
37,7,74.32
37,8,52.35
37,13,79.89
37,14,43.97
37,15,74.00
37,16,72.60
37,18,62.81
37,19,15.55
37,21,87.28
37,22,34.48
37,23,9.97
37,25,29.35
37,28,77.83
37,30,41.16
37,31,71.18
37,32,54.17
37,33,90.88
37,34,99.79
37,35,7.08
37,36,74.38
37,38,26.08
37,39,36.45
37,40,52.05
37,41,83.56
37,42,21.80
37,44,53.23
37,45,81.42
37,46,12.50
37,47,67.85
37,49,67.67
38,0,8.79
38,1,33.90
38,3,64.33
38,5,26.17
38,7,82.99
38,8,42.56
38,9,53.31
38,10,43.11
38,11,89.14
38,14,41.64
38,15,33.96
38,16,26.74
38,17,23.24
38,19,49.90
38,20,41.83
38,21,94.87
38,22,86.70
38,23,61.80
38,24,81.04
38,25,34.85
38,26,56.86
38,27,61.62
38,28,7.86
38,29,25.37
38,30,81.05
38,31,63.46
38,33,50.90
38,34,17.19
38,35,24.44
38,39,45.63
38,40,70.06
38,41,64.04
38,42,10.78
38,43,11.12
38,44,94.14
38,45,83.44
38,46,44.77
38,47,94.35
39,0,79.04
39,1,15.21
39,2,94.00
39,3,76.15
39,5,43.05
39,6,7.40
39,7,46.73
39,8,58.54
39,9,32.37
39,11,33.45
39,12,53.69
39,14,43.63
39,15,41.94
39,16,39.44
39,17,85.44
39,18,75.19
39,19,39.00
39,20,14.60
39,21,14.76
39,22,57.27
39,23,44.20
39,24,86.01
39,25,3.07
39,26,74.37
39,28,6.78
39,29,6.42
39,32,27.87
39,33,52.57
39,34,18.88
39,35,90.95
39,36,41.26
39,37,74.00
39,41,62.57
39,42,35.83
39,43,57.05
39,44,35.88
39,45,32.41
39,46,99.65
39,48,0.42
40,1,17.36
40,2,36.95
40,3,62.64
40,4,40.40
40,5,31.00
40,6,21.64
40,11,47.12
40,12,30.45
40,14,37.78
40,16,59.10
40,17,29.20
40,18,43.75
40,19,4.99
40,20,28.27
40,24,33.53
40,25,20.97
40,26,36.46
40,27,22.16
40,29,21.58
40,33,20.08
40,35,14.26
40,36,45.85
40,37,21.82
40,39,46.69
40,41,33.58
40,43,3.86
40,44,42.69
40,46,68.35
40,49,91.98
41,0,65.29
41,1,47.15
41,2,28.91
41,3,34.67
41,4,32.53
41,5,81.01
41,7,60.30
41,8,83.63
41,9,18.08
41,12,78.76
41,14,14.56
41,15,54.68
41,17,87.09
41,18,32.11
41,19,45.84
41,20,21.99
41,21,96.29
41,22,2.40
41,23,56.25
41,25,54.86
41,26,14.23
41,27,17.82
41,29,32.36
41,30,44.83
41,32,39.80
41,33,57.19
41,34,38.06
41,35,33.60
41,37,35.33
41,38,3.08
41,40,45.19
41,42,69.15
41,44,79.57
41,45,74.37
41,47,59.48
41,49,19.85
42,0,5.16
42,5,73.60
42,6,43.15
42,7,6.30
42,9,58.71
42,10,89.20
42,11,23.84
42,12,23.10
42,15,13.69
42,16,14.43
42,17,88.06
42,18,79.09
42,20,64.53
42,21,50.74
42,22,24.34
42,24,18.35
42,26,45.79
42,27,95.23
42,28,36.77
42,29,30.75
42,30,9.22
42,31,29.36
42,32,48.46
42,33,13.10
42,35,13.46
42,36,73.02
42,37,37.47
42,38,60.31
42,39,44.69
42,40,45.27
42,42,10.23
42,44,28.33
42,46,13.84
42,48,86.77
42,49,38.49
43,0,70.55
43,1,19.18
43,2,75.24
43,3,95.08
43,5,41.88
43,6,33.64
43,7,6.51
43,8,25.78
43,9,62.50
43,11,13.81
43,13,80.80
43,17,19.20
43,18,9.46
43,20,79.74
43,21,12.45
43,22,0.56
43,24,13.28
43,25,94.56
43,26,84.40
43,28,15.91
43,29,86.13
43,34,89.17
43,35,18.23
43,36,66.78
43,37,41.87
43,38,34.97
43,40,50.60
43,41,55.43
43,42,31.17
43,43,31.27
43,44,55.65
43,46,89.25
43,47,10.76
43,48,18.31
43,49,3.25
44,0,81.35
44,2,43.99
44,3,92.86
44,4,65.08
44,6,11.92
44,7,59.61
44,9,54.41
44,10,57.04
44,11,98.33
44,12,44.69
44,13,83.50
44,15,21.39
44,16,41.63
44,18,68.52
44,19,64.33
44,21,87.48
44,22,76.42
44,23,52.62
44,24,25.56
44,25,27.25
44,26,8.42
44,27,62.43
44,30,75.66
44,31,88.98
44,32,32.83
44,34,15.32
44,35,80.92
44,36,43.78
44,38,29.53
44,39,64.73
44,40,23.22
44,42,13.44
44,43,24.86
44,44,77.45
44,45,25.24
44,46,75.79
44,47,64.98
44,48,18.13
44,49,82.38
45,1,92.73
45,2,65.18
45,3,84.19
45,4,43.11
45,6,52.47
45,7,52.14
45,8,84.01
45,9,67.34
45,11,46.44
45,12,93.64
45,14,1.78
45,15,88.09
45,16,95.11
45,20,18.93
45,24,34.46
45,25,41.15
45,26,32.94
45,27,8.99
45,28,20.80
45,29,0.37
45,30,4.52
45,31,22.06
45,32,45.99
45,34,4.60
45,35,27.51
45,36,31.64
45,37,47.86
45,38,88.99
45,39,83.95
45,40,10.10
45,41,60.37
45,42,58.40
45,43,10.66
45,44,96.52
45,45,57.07
45,46,53.75
45,47,82.32
45,48,11.38
46,0,34.13
46,2,83.37
46,3,11.94
46,4,44.83
46,5,90.75
46,6,68.68
46,7,29.44
46,8,63.20
46,9,1.19
46,10,21.59
46,11,56.72
46,13,7.85
46,14,89.49
46,16,64.51
46,17,39.72
46,18,49.52
46,19,61.12
46,20,80.94
46,21,47.05
46,22,24.85
46,23,87.49
46,24,31.17
46,25,67.17
46,26,76.43
46,27,87.86
46,28,69.47
46,29,14.31
46,30,97.73
46,31,67.31
46,32,21.22
46,33,19.61
46,34,39.22
46,35,69.54
46,36,35.83
46,38,1.29
46,39,12.15
46,40,17.02
46,41,85.10
46,43,93.60
46,44,30.99
46,45,71.56
46,46,8.89
46,48,45.28
46,49,55.85
47,0,26.11
47,1,56.89
47,2,96.02
47,3,89.36
47,4,96.87
47,5,90.70
47,6,8.21
47,7,40.66
47,8,6.54
47,9,48.77
47,10,72.50
47,11,49.73
47,12,23.33
47,13,48.91
47,14,33.76
47,15,84.83
47,17,98.87
47,18,24.04
47,19,46.91
47,24,13.45
47,25,96.34
47,26,41.61
47,27,77.61
47,28,80.99
47,29,11.29
47,30,4.25
47,31,82.43
47,32,14.69
47,33,58.51
47,34,3.69
47,35,33.11
47,36,1.53
47,37,39.45
47,40,99.31
47,41,31.58
47,43,42.07
47,44,11.82
47,45,73.91
47,46,58.64
47,47,51.97
47,49,35.23
48,0,0.62
48,3,55.88
48,4,28.34
48,5,9.30
48,7,80.25
48,8,19.24
48,9,82.62
48,10,71.68
48,11,25.13
48,12,7.21
48,13,35.88
48,15,84.41
48,16,82.38
48,17,6.06
48,18,84.53
48,20,74.28
48,22,36.55
48,23,39.35
48,24,69.86
48,26,70.84
48,27,66.21
48,29,83.06
48,31,20.44
48,32,26.61
48,33,88.47
48,34,92.95
48,37,78.53
48,38,97.40
48,39,82.60
48,40,95.62
48,41,62.64
48,42,44.79
48,43,54.19
48,44,44.88
48,45,64.77
48,47,9.77
48,48,35.17
48,49,19.37
49,1,75.54
49,2,87.95
49,3,95.59
49,5,0.49
49,6,63.41
49,7,78.03
49,8,52.88
49,9,52.52
49,10,35.71
49,11,66.88
49,13,9.34
49,15,94.91
49,16,38.66
49,17,87.12
49,19,42.23
49,20,66.21
49,21,77.31
49,22,47.82
49,23,27.81
49,24,31.38
49,25,95.18
49,26,56.50
49,27,94.72
49,28,1.12
49,31,87.97
49,32,62.76
49,33,60.48
49,34,40.87
49,35,40.98
49,36,67.82
49,37,32.46
49,38,54.40
49,39,23.03
49,41,85.05
49,42,21.23
49,43,69.87
49,44,76.42
49,45,50.62
49,46,19.63
49,47,8.02
49,48,23.91
49,49,11.65
50,0,29.83
50,2,28.76
50,3,19.95
50,6,60.30
50,8,76.36
50,9,60.14
50,10,27.66
50,11,70.07
50,12,8.80
50,13,57.21
50,14,22.56
50,15,18.19
50,16,13.96
50,17,20.65
50,18,10.35
50,19,6.18
50,20,37.25
50,21,55.62
50,22,93.83
50,23,27.68
50,24,36.70
50,25,96.19
50,26,28.26
50,27,54.15
50,28,90.05
50,30,97.71
50,31,16.71
50,32,96.64
50,33,87.31
50,34,19.70
50,35,88.43
50,37,64.10
50,38,68.35
50,39,94.85
50,40,73.13
50,41,19.97
50,42,18.00
50,43,50.34
50,44,1.53
50,48,35.87
50,49,98.27
51,1,81.45
51,3,93.55
51,5,80.54
51,9,90.42
51,10,75.45
51,11,70.83
51,12,47.68
51,13,31.18
51,15,16.93
51,16,6.77
51,17,69.63
51,18,26.90
51,19,40.36
51,21,52.69
51,22,54.84
51,23,52.08
51,25,94.56
51,26,63.16
51,28,12.77
51,30,35.05
51,31,43.68
51,32,17.71
51,33,79.43
51,34,15.36
51,35,65.60
51,36,29.02
51,38,29.85
51,39,0.72
51,40,50.72
51,41,18.76
51,42,87.86
51,43,6.21
51,44,20.21
51,45,80.38
51,48,87.55
52,1,53.30
52,2,87.41
52,3,29.55
52,6,83.62
52,8,41.95
52,10,87.71
52,11,61.75
52,13,84.88
52,15,68.35
52,17,46.44
52,18,35.42
52,19,43.29
52,21,17.82
52,22,80.30
52,23,14.29
52,24,49.29
52,25,99.53
52,27,9.15
52,28,20.82
52,31,91.35
52,32,66.16
52,33,47.17
52,34,34.54
52,35,52.40
52,36,67.72
52,37,21.76
52,39,63.58
52,40,91.85
52,42,44.05
52,44,31.64
52,45,57.27
52,46,52.60
52,47,59.92
52,48,71.93
52,49,85.69
53,0,0.54
53,1,80.26
53,2,48.57
53,3,84.56
53,4,6.41
53,6,34.41
53,7,9.02
53,8,52.15
53,9,78.77
53,10,5.83
53,11,65.84
53,12,92.13
53,17,67.90
53,18,45.65
53,19,87.14
53,20,61.88
53,21,36.72
53,22,43.96
53,23,48.07
53,25,29.45
53,26,29.70
53,29,81.57
53,30,41.41
53,31,61.88
53,33,83.78
53,34,29.08
53,36,69.36
53,37,10.82
53,38,53.99
53,39,68.03
53,40,43.90
53,44,91.73
53,45,74.90
53,46,28.04
53,47,10.86
53,48,95.63
53,49,92.49
54,0,68.22
54,1,38.59
54,2,34.79
54,3,5.48
54,5,64.04
54,6,51.07
54,7,52.73
54,8,81.09
54,11,59.19
54,12,0.02
54,13,86.53
54,16,85.29
54,17,64.29
54,19,69.79
54,20,44.43
54,21,60.75
54,23,6.86
54,24,70.19
54,25,77.73
54,27,60.04
54,28,34.25
54,30,74.39
54,32,75.89
54,33,65.89
54,34,57.26
54,35,32.91
54,37,67.76
54,38,73.33
54,39,30.62
54,40,97.80
54,41,88.58
54,42,48.74
54,43,30.85
54,44,33.48
54,45,52.47
54,47,40.25
54,48,45.63
55,0,20.53
55,1,93.36
55,2,40.91
55,4,9.33
55,5,88.23
55,6,26.46
55,7,43.45
55,10,1.52
55,11,46.15
55,12,12.75
55,13,22.54
55,14,89.68
55,15,41.54
55,16,72.74
55,17,17.50
55,18,5.24
55,20,50.33
55,21,16.45
55,23,74.51
55,25,52.54
55,26,26.73
55,27,91.91
55,28,91.54
55,29,67.75
55,30,71.06
55,31,25.01
55,32,4.01
55,33,31.63
55,34,71.66
55,37,8.41
55,38,82.32
55,40,24.25
55,43,73.50
55,46,10.10
55,47,22.69
55,48,30.18
55,49,72.26
56,0,35.19
56,1,28.87
56,2,52.10
56,3,39.03
56,5,24.67
56,6,64.55
56,7,63.78
56,8,22.46
56,9,88.04
56,10,53.34
56,12,16.82
56,13,77.31
56,15,58.63
56,16,28.72
56,17,92.89
56,18,11.13
56,20,31.08
56,21,6.67
56,24,34.72
56,27,86.12
56,28,86.87
56,29,26.99
56,31,60.66
56,32,86.47
56,33,58.13
56,37,50.48
56,38,12.85
56,39,16.40
56,40,55.27
56,41,35.10
56,42,66.62
56,44,84.82
56,45,83.89
56,46,88.56
56,47,35.78
56,48,33.86
56,49,91.12
57,0,82.18
57,2,62.15
57,4,91.11
57,5,69.91
57,6,16.54
57,8,62.72
57,9,94.03
57,10,39.55
57,12,65.75
57,13,54.43
57,14,60.09
57,17,65.51
57,18,60.65
57,19,17.88
57,21,65.60
57,23,24.48
57,25,48.83
57,27,88.00
57,30,98.43
57,31,75.61
57,32,2.38
57,34,40.87
57,35,28.22
57,36,38.26
57,37,25.62
57,39,96.81
57,40,33.09
57,42,45.01
57,43,96.98
57,44,5.29
57,46,75.00
57,48,71.43
57,49,33.46
58,0,15.02
58,1,98.75
58,2,49.35
58,3,52.21
58,4,91.31
58,5,1.76
58,6,59.13
58,7,0.95
58,8,69.91
58,11,88.71
58,12,34.39
58,13,10.02
58,14,9.31
58,17,75.00
58,18,27.52
58,19,45.89
58,21,17.79
58,22,64.46
58,23,6.30
58,24,28.59
58,25,85.73
58,27,81.74
58,28,20.94
58,29,62.82
58,30,18.50
58,31,29.12
58,32,12.25
58,33,64.65
58,36,81.19
58,37,10.81
58,39,75.16
58,40,45.38
58,41,51.15
58,42,99.08
58,44,87.05
58,45,72.18
58,46,82.91
58,47,63.17
58,49,65.50
59,0,35.87
59,1,43.87
59,2,89.06
59,4,98.33
59,6,72.90
59,7,84.82
59,8,19.70
59,9,40.92
59,10,79.17
59,13,71.33
59,14,4.04
59,15,82.54
59,16,42.19
59,17,21.16
59,18,99.72
59,19,56.77
59,20,21.26
59,21,20.96
59,22,47.59
59,23,64.95
59,24,15.58
59,26,16.28
59,27,93.99
59,28,52.60
59,30,52.43
59,31,14.49
59,32,92.95
59,34,74.93
59,36,22.19
59,37,76.32
59,39,26.25
59,40,68.18
59,41,11.22
59,42,0.26
59,43,95.43
59,44,13.95
59,45,97.57
59,46,24.41
59,48,41.58
60,1,66.38
60,3,76.41
60,4,61.22
60,5,5.75
60,6,12.64
60,8,83.78
60,9,82.31
60,13,81.94
60,16,90.34
60,18,48.12
60,19,96.77
60,20,55.44
60,21,71.66
60,22,33.91
60,24,48.87
60,25,44.14
60,27,5.88
60,29,23.57
60,30,71.10
60,31,9.00
60,32,31.50
60,33,6.59
60,34,88.68
60,35,39.89
60,36,41.54
60,37,85.17
60,38,22.50
60,39,12.71
60,41,62.29
60,42,21.19
60,43,59.26
60,44,39.82
60,45,24.22
60,46,50.42
60,47,72.19
60,48,9.41
60,49,23.51
61,0,94.89
61,1,31.85
61,3,88.56
61,4,1.13
61,5,1.82
61,6,17.87
61,7,64.10
61,8,77.89
61,9,43.99
61,10,30.52
61,12,88.89
61,13,52.71
61,14,56.96
61,16,40.29
61,17,5.59
61,18,56.94
61,19,53.62
61,20,20.15
61,21,44.33
61,23,33.18
61,24,12.63
61,26,21.97
61,27,96.43
61,29,13.68
61,30,64.66
61,32,61.42
61,35,32.59
61,37,93.99
61,38,68.26
61,40,61.33
61,41,63.61
61,42,10.05
61,45,1.64
61,46,96.19
61,47,59.09
61,48,30.36
61,49,0.95
62,0,81.82
62,2,45.29
62,3,46.19
62,5,88.91
62,6,24.60
62,11,27.53
62,12,65.86
62,14,16.48
62,15,20.66
62,16,99.45
62,17,5.80
62,18,3.46
62,19,93.76
62,20,24.69
62,21,19.65
62,22,99.76
62,24,45.17
62,25,32.66
62,26,16.10
62,27,7.25
62,29,84.82
62,32,1.64
62,34,52.69
62,35,62.95
62,37,26.81
62,39,24.54
62,41,42.47
62,42,75.94
62,43,4.26
62,44,12.68
62,45,55.93
62,47,7.26
62,49,11.54
63,2,26.68
63,4,10.65
63,6,57.76
63,8,0.03
63,9,98.59
63,10,18.53
63,11,12.87
63,12,66.86
63,13,69.38
63,15,41.18
63,16,89.43
63,17,40.29
63,18,2.27
63,19,84.15
63,20,30.92
63,21,29.18
63,22,83.92
63,24,64.57
63,25,76.16
63,26,44.17
63,27,92.47
63,28,11.08
63,29,83.91
63,30,51.42
63,31,74.50
63,32,81.23
63,33,6.93
63,34,7.69
63,35,53.88
63,36,81.70
63,37,16.93
63,39,99.37
63,41,76.89
63,42,92.59
63,43,18.61
63,46,72.12
64,0,77.54
64,1,73.07
64,3,97.41
64,5,99.26
64,6,36.12
64,7,64.70
64,8,47.80
64,9,3.40
64,10,55.41
64,11,81.92
64,16,33.72
64,17,80.15
64,18,17.05
64,19,79.28
64,20,5.33
64,21,93.39
64,22,33.72
64,23,26.43
64,24,21.58
64,25,76.40
64,26,5.88
64,28,40.03
64,29,80.23
64,31,91.22
64,32,39.06
64,33,1.89
64,34,64.65
64,36,42.62
64,37,19.01
64,39,67.62
64,41,41.65
64,42,26.26
64,44,29.93
64,48,94.87
64,49,7.90
65,0,58.75
65,1,69.45
65,2,5.16
65,3,16.00
65,4,38.50
65,5,61.37
65,6,86.55
65,7,93.58
65,8,82.36
65,9,20.71
65,10,79.37
65,11,5.01
65,13,34.40
65,14,74.93
65,15,43.44
65,17,44.68
65,18,26.24
65,19,36.05
65,20,0.19
65,21,13.53
65,23,81.04
65,25,33.85
65,26,13.23
65,27,0.95
65,31,50.44
65,33,12.10
65,34,42.34
65,35,60.88
65,37,85.74
65,38,57.44
65,39,17.86
65,40,91.59
65,41,37.36
65,42,37.22
65,44,45.05
65,46,43.15
65,47,54.91
65,48,97.21
66,0,58.18
66,1,51.15
66,2,21.90
66,3,29.88
66,5,30.88
66,6,15.72
66,7,67.61
66,8,41.99
66,9,82.31
66,10,7.97
66,12,78.67
66,13,51.33
66,14,58.72
66,16,65.09
66,17,7.74
66,18,21.03
66,19,53.59
66,21,80.96
66,22,77.71
66,23,33.03
66,26,50.52
66,28,75.41
66,29,20.85
66,30,65.01
66,31,92.15
66,32,20.27
66,34,23.31
66,37,75.40
66,38,54.91
66,39,36.64
66,40,16.15
66,41,49.49
66,42,51.09
66,44,4.94
66,45,10.59
66,47,99.21
66,48,55.96
66,49,70.49
67,0,32.54
67,1,32.31
67,7,94.74
67,9,51.72
67,10,29.68
67,11,25.41
67,13,44.26
67,14,16.09
67,15,82.19
67,17,74.30
67,18,37.62
67,19,15.93
67,20,34.81
67,21,55.12
67,23,71.11
67,26,43.35
67,27,33.75
67,28,54.05
67,29,55.27
67,30,87.74
67,32,17.29
67,33,60.80
67,35,10.90
67,36,23.19
67,37,18.18
67,38,74.45
67,39,69.85
67,41,19.36
67,42,72.56
67,44,31.74
67,45,24.77
67,46,79.34
67,48,90.32
68,0,79.61
68,1,2.87
68,2,52.85
68,4,21.72
68,5,16.05
68,6,18.57
68,7,5.00
68,9,88.35
68,10,93.97
68,13,25.29
68,14,55.93
68,15,88.06
68,16,76.58
68,17,23.58
68,18,73.78
68,20,32.37
68,21,18.26
68,22,80.29
68,23,15.34
68,24,39.89
68,25,54.27
68,26,31.22
68,27,18.10
68,28,94.95
68,29,13.27
68,30,18.58
68,32,86.29
68,33,28.31
68,35,89.42
68,36,8.92
68,37,99.35
68,39,27.22
68,41,23.73
68,42,22.27
68,46,23.03
68,47,76.36
68,48,16.57
68,49,1.87
69,0,36.65
69,1,21.96
69,4,54.28
69,6,1.20
69,9,11.98
69,10,41.88
69,12,39.45
69,14,8.30
69,15,92.27
69,18,21.40
69,19,89.60
69,21,43.51
69,22,4.46
69,23,46.46
69,24,90.70
69,25,18.38
69,26,12.13
69,28,73.96
69,29,43.61
69,31,70.98
69,32,43.99
69,34,76.64
69,35,52.02
69,36,58.08
69,37,44.82
69,38,73.29
69,39,37.35
69,40,12.31
69,41,82.99
69,42,91.53
69,43,47.40
69,44,82.56
69,45,40.00
69,46,90.76
69,48,32.46
70,0,90.14
70,1,88.08
70,2,48.99
70,3,17.92
70,6,53.70
70,7,15.04
70,8,75.01
70,10,81.85
70,11,40.03
70,12,83.99
70,14,24.99
70,15,38.29
70,16,16.91
70,18,99.89
70,19,11.15
70,20,71.57
70,21,65.88
70,22,76.73
70,23,49.40
70,24,51.24
70,25,81.86
70,27,20.94
70,29,16.14
70,30,11.34
70,31,28.77
70,34,87.03
70,35,49.35
70,36,51.62
70,37,47.93
70,39,19.61
70,40,34.74
70,41,62.03
70,43,46.38
70,45,82.01
70,46,56.82
70,47,27.93
70,49,77.69
71,0,92.76
71,1,39.12
71,2,26.50
71,3,29.65
71,4,52.78
71,8,43.42
71,9,17.68
71,10,16.38
71,12,15.19
71,13,98.95
71,14,50.43
71,15,53.59
71,16,76.75
71,17,10.32
71,19,86.31
71,20,81.18
71,21,95.41
71,22,56.49
71,23,82.62
71,25,55.43
71,27,93.49
71,28,5.45
71,29,59.49
71,30,16.34
71,34,97.07
71,35,98.74
71,36,82.75
71,38,24.59
71,39,7.64
71,40,20.03
71,43,33.74
71,44,31.72
71,45,44.53
71,47,72.61
71,48,10.40
71,49,15.72
72,0,45.48
72,1,24.89
72,2,41.11
72,3,86.30
72,4,5.14
72,5,79.62
72,7,95.35
72,12,15.93
72,13,19.80
72,14,36.60
72,15,17.88
72,16,29.84
72,17,22.35
72,20,10.40
72,21,15.41
72,22,16.74
72,23,42.09
72,24,49.44
72,26,79.59
72,28,57.33
72,30,11.09
72,31,97.93
72,32,74.31
72,34,83.84
72,35,51.32
72,37,59.30
72,38,87.48
72,39,25.66
72,40,12.75
72,42,63.63
72,43,89.19
72,44,36.01
72,48,94.63
73,0,8.13
73,1,29.34
73,2,89.62
73,3,51.67
73,4,73.16
73,5,22.16
73,7,12.63
73,9,25.23
73,10,85.12
73,11,58.16
73,12,34.13
73,13,29.84
73,14,35.91
73,15,15.59
73,16,43.31
73,18,14.14
73,20,15.62
73,21,20.06
73,22,82.91
73,25,32.88
73,26,2.57
73,29,58.59
73,30,35.80
73,31,20.61
73,32,38.16
73,33,39.41
73,34,68.63
73,35,79.63
73,36,90.17
73,38,41.21
73,39,79.99
73,40,47.40
73,41,93.55
73,44,8.06
73,46,61.06
73,47,74.73
73,48,33.93
73,49,65.32
74,2,19.54
74,3,11.11
74,4,5.20
74,5,29.92
74,7,24.81
74,8,8.44
74,10,7.42
74,12,27.80
74,13,89.36
74,14,90.24
74,15,89.93
74,16,13.29
74,17,93.64
74,18,68.32
74,19,6.42
74,20,75.70
74,21,38.91
74,22,31.89
74,23,86.65
74,25,82.49
74,26,88.94
74,28,16.19
74,29,39.31
74,31,28.83
74,32,73.01
74,33,35.13
74,35,57.23
74,36,60.07
74,37,41.71
74,38,94.96
74,40,9.49
74,42,29.89
74,43,87.61
74,44,62.25
74,45,88.61
74,46,4.99
74,47,34.04
74,48,51.03
74,49,99.02
75,0,71.81
75,1,0.71
75,2,17.69
75,3,40.64
75,4,44.20
75,5,93.22
75,6,94.12
75,7,72.53
75,8,87.71
75,9,28.61
75,10,44.49
75,11,48.54
75,12,52.25
75,13,43.71
75,14,15.39
75,15,94.29
75,16,45.22
75,18,20.36
75,19,82.15
75,20,65.60
75,21,33.35
75,22,87.21
75,23,48.49
75,24,16.36
75,25,39.57
75,26,7.31
75,27,66.32
75,29,23.86
75,32,31.82
75,33,23.04
75,35,19.00
75,36,92.25
75,38,40.84
75,40,54.68
75,41,61.62
75,42,82.09
75,43,69.26
75,46,12.26
75,47,72.44
75,48,55.89
75,49,5.55
76,2,84.23
76,3,48.34
76,5,36.73
76,7,71.99
76,10,52.86
76,11,22.22
76,12,87.51
76,13,72.59
76,14,72.75
76,19,94.39
76,20,68.57
76,21,53.48
76,22,49.94
76,24,44.97
76,25,57.78
76,26,48.78
76,28,37.65
76,29,9.46
76,30,65.76
76,31,76.89
76,32,4.05
76,34,15.01
76,35,75.59
76,36,45.95
76,37,67.70
76,38,67.55
76,39,62.62
76,40,31.59
76,41,94.48
76,42,73.22
76,43,30.24
76,44,73.56
76,45,89.29
76,46,81.65
76,49,58.18
77,0,9.29
77,2,31.62
77,3,96.05
77,4,66.35
77,7,24.55
77,8,69.63
77,10,30.80
77,11,33.99
77,12,91.06
77,13,36.17
77,14,93.39
77,15,24.38
77,17,56.40
77,18,42.86
77,19,57.50
77,21,16.02
77,22,43.93
77,25,60.16
77,26,33.90
77,27,24.96
77,28,96.56
77,29,48.81
77,32,16.53
77,34,54.21
77,35,15.58
77,36,7.60
77,38,0.91
77,39,90.03
77,40,63.11
77,42,51.43
77,44,65.79
77,46,44.56
77,47,58.05
77,48,50.96
77,49,14.92
78,2,59.41
78,3,56.66
78,4,59.75
78,5,39.65
78,6,89.58
78,7,57.22
78,11,87.90
78,13,65.74
78,14,25.25
78,15,66.31
78,16,39.64
78,17,87.37
78,19,44.73
78,20,41.30
78,21,97.85
78,22,3.75
78,23,94.96
78,24,69.92
78,25,0.35
78,27,98.95
78,28,33.28
78,30,47.32
78,31,47.68
78,33,20.35
78,34,22.64
78,36,95.74
78,37,41.43
78,39,21.33
78,41,44.04
78,42,17.61
78,43,16.78
78,44,93.83
78,46,71.24
78,47,46.98
78,48,8.18
78,49,49.17
79,0,91.72
79,1,42.06
79,2,52.12
79,3,54.80
79,5,75.33
79,7,56.67
79,8,82.66
79,9,76.53
79,11,31.66
79,12,66.92
79,13,99.59
79,15,48.95
79,16,18.38
79,18,45.87
79,19,44.00
79,20,43.23
79,21,16.48
79,22,81.50
79,23,72.09
79,24,61.83
79,26,22.57
79,27,28.89
79,28,68.17
79,30,24.14
79,32,22.15
79,33,6.22
79,34,73.39
79,35,13.54
79,36,63.97
79,38,40.97
79,39,33.64
79,40,77.51
79,41,54.93
79,42,97.59
79,43,96.55
79,44,9.06
79,45,5.67
79,47,16.92
79,48,95.07
80,0,41.88
80,1,18.26
80,2,2.68
80,3,66.96
80,4,37.83
80,5,99.80
80,6,88.90
80,7,84.36
80,8,7.46
80,10,56.56
80,11,11.54
80,13,62.73
80,14,15.75
80,16,99.64
80,17,64.72
80,18,91.77
80,20,18.40
80,22,78.74
80,23,60.05
80,24,12.91
80,25,61.08
80,27,3.16
80,28,80.89
80,29,92.31
80,31,45.24
80,34,98.74
80,35,86.53
80,36,49.09
80,38,70.39
80,42,42.03
80,44,90.97
80,45,67.38
80,47,92.40
81,0,13.01
81,1,36.80
81,2,49.54
81,3,1.61
81,4,27.17
81,5,97.36
81,6,65.07
81,7,64.42
81,9,5.32
81,11,66.33
81,12,5.21
81,13,36.19
81,14,15.46
81,15,9.65
81,16,54.04
81,17,71.30
81,20,52.46
81,21,16.15
81,22,11.06
81,23,54.01
81,24,33.12
81,27,45.48
81,29,49.74
81,30,46.97
81,31,54.19
81,33,19.90
81,34,77.72
81,35,61.01
81,36,61.02
81,37,86.58
81,38,29.30
81,39,95.72
81,40,92.62
81,42,18.49
81,44,89.56
81,45,45.30
81,46,79.01
81,48,46.07
82,0,86.42
82,1,2.10
82,3,72.17
82,4,23.87
82,5,35.74
82,6,85.47
82,7,12.88
82,8,94.15
82,10,75.35
82,12,74.34
82,13,57.79
82,14,18.07
82,15,12.75
82,16,42.43
82,19,89.45
82,20,43.70
82,21,74.44
82,22,64.47
82,23,0.37
82,24,60.75
82,25,69.34
82,27,17.18
82,31,35.28
82,32,72.43
82,33,70.82
82,34,0.98
82,36,56.73
82,38,92.57
82,39,9.17
82,40,20.48
82,41,37.69
82,42,18.00
82,43,4.24
82,44,79.02
82,45,51.72
82,46,52.55
82,49,36.04
83,1,55.45
83,2,50.95
83,3,49.11
83,4,35.25
83,5,74.08
83,7,70.76
83,10,38.92
83,13,30.96
83,14,20.24
83,15,73.76
83,16,62.33
83,17,25.88
83,18,76.86
83,19,75.97
83,20,74.90
83,21,4.92
83,22,40.59
83,24,56.71
83,26,72.93
83,27,62.40
83,28,4.43
83,29,98.06
83,30,94.65
83,31,73.21
83,32,57.72
83,33,60.53
83,34,25.07
83,35,64.58
83,37,75.00
83,38,14.36
83,39,90.24
83,40,0.18
83,41,66.12
83,42,41.59
83,45,74.80
83,46,68.60
83,48,92.25
83,49,49.43
84,0,48.25
84,1,17.58
84,3,15.19
84,4,9.04
84,7,49.60
84,9,89.93
84,10,83.09
84,11,22.36
84,13,76.75
84,15,24.16
84,16,96.45
84,17,81.91
84,18,11.62
84,19,22.00
84,21,48.05
84,22,45.85
84,23,93.44
84,24,73.62
84,25,68.92
84,26,22.75
84,27,43.45
84,29,70.47
84,30,22.94
84,32,53.93
84,33,76.11
84,34,93.50
84,35,90.15
84,36,99.53
84,38,13.96
84,40,90.72
84,41,57.56
84,42,6.91
84,43,56.89
84,44,49.29
84,46,82.13
84,47,64.63
84,48,67.32
84,49,49.21
85,2,6.78
85,4,6.86
85,5,98.13
85,7,63.52
85,8,80.39
85,9,72.99
85,10,95.85
85,12,52.08
85,15,20.88
85,16,85.88
85,17,28.03
85,18,84.38
85,19,59.56
85,20,1.21
85,22,41.25
85,23,80.04
85,29,37.40
85,30,8.20
85,31,45.75
85,32,74.85
85,33,64.46
85,34,5.26
85,35,72.59
85,36,56.46
85,37,31.30
85,38,11.09
85,39,33.35
85,41,98.41
85,45,4.26
85,46,90.83
85,47,99.73
85,48,60.39
85,49,66.67
86,0,49.06
86,1,59.92
86,2,23.15
86,3,68.98
86,4,85.02
86,5,95.49
86,6,74.75
86,7,80.20
86,9,20.03
86,10,17.14
86,11,48.87
86,12,8.12
86,13,28.96
86,15,70.31
86,18,34.98
86,19,48.78
86,20,33.85
86,21,46.87
86,22,48.66
86,23,60.56
86,24,6.72
86,25,12.92
86,26,81.01
86,27,73.85
86,29,66.04
86,30,78.67
86,31,86.20
86,32,2.49
86,34,22.87
86,35,70.91
86,36,1.34
86,37,44.51
86,43,63.73
86,44,78.04
86,46,15.85
86,47,90.95
86,48,60.49
86,49,81.80
87,0,78.70
87,1,76.16
87,2,83.74
87,3,79.91
87,5,92.74
87,6,39.05
87,9,29.05
87,10,27.03
87,11,44.25
87,12,25.23
87,14,9.92
87,15,80.19
87,16,86.78
87,19,45.01
87,20,73.79
87,22,71.01
87,23,50.97
87,25,2.53
87,26,90.37
87,27,13.12
87,28,25.66
87,29,41.95
87,32,3.39
87,33,79.05
87,35,29.45
87,36,96.16
87,37,29.29
87,38,84.52
87,41,81.48
87,43,26.66
87,44,68.25
87,45,72.41
87,47,47.04
87,48,30.96
87,49,48.91
88,0,41.22
88,1,70.98
88,2,74.36
88,3,41.82
88,5,37.48
88,6,11.67
88,7,25.73
88,8,50.96
88,10,99.37
88,11,34.58
88,13,54.94
88,14,85.35
88,16,64.25
88,17,78.07
88,18,24.40
88,19,41.53
88,22,74.52
88,23,36.91
88,24,96.06
88,25,21.27
88,26,79.45
88,27,14.86
88,28,75.72
88,30,86.76
88,31,16.23
88,32,68.30
88,33,14.98
88,35,41.42
88,36,60.63
88,37,21.08
88,38,52.60
88,39,3.04
88,40,78.91
88,41,96.67
88,42,30.85
88,43,88.73
88,44,45.77
88,45,11.34
88,46,84.08
88,47,7.96
88,49,15.09
89,0,33.66
89,1,22.42
89,2,70.42
89,3,77.51
89,4,50.87
89,6,82.15
89,7,22.21
89,8,60.82
89,10,3.94
89,11,43.29
89,12,80.58
89,16,86.83
89,17,79.01
89,18,12.36
89,19,53.28
89,20,96.74
89,22,83.39
89,25,34.61
89,26,92.33
89,27,15.14
89,29,78.71
89,31,53.52
89,33,22.56
89,34,99.47
89,35,74.99
89,36,86.84
89,37,0.45
89,38,64.90
89,39,32.61
89,40,29.03
89,42,89.44
89,43,36.75
89,44,64.87
89,45,47.75
89,46,7.61
89,48,64.44
89,49,99.07
90,0,31.15
90,1,33.62
90,2,94.40
90,4,13.65
90,5,63.67
90,6,53.82
90,7,2.37
90,8,50.69
90,9,52.65
90,10,36.44
90,12,62.42
90,13,91.32
90,14,74.99
90,15,1.61
90,16,6.56
90,18,96.28
90,19,65.67
90,20,57.33
90,21,64.43
90,22,64.94
90,24,38.91
90,25,80.20
90,26,43.31
90,28,47.16
90,29,11.05
90,31,53.02
90,32,95.22
90,33,60.86
90,35,73.22
90,36,97.61
90,37,88.10
90,38,89.87
90,39,48.86
90,42,92.57
90,43,59.85
90,44,15.71
90,45,48.87
90,46,71.88
90,47,86.05
90,48,37.75
90,49,98.84
91,0,1.55
91,1,67.94
91,2,0.01
91,3,33.82
91,4,63.25
91,5,19.06
91,6,21.85
91,7,44.17
91,8,14.74
91,9,46.82
91,10,67.50
91,12,96.10
91,13,34.77
91,14,53.65
91,15,29.95
91,16,43.13
91,18,65.64
91,19,70.11
91,20,71.85
91,21,34.48
91,22,0.06
91,23,60.16
91,24,18.89
91,26,48.99
91,31,37.69
91,32,68.06
91,33,79.03
91,34,25.27
91,35,88.44
91,36,75.69
91,37,9.95
91,38,16.67
91,39,70.53
91,41,96.63
91,42,59.51
91,43,14.10
91,44,97.83
91,45,68.60
91,46,15.78
91,47,50.12
91,48,76.61
91,49,36.04
92,0,0.96
92,2,92.81
92,3,60.52
92,4,60.16
92,5,1.10
92,6,50.92
92,7,18.61
92,8,71.48
92,9,73.87
92,10,4.60
92,11,26.34
92,12,34.60
92,13,83.69
92,14,41.80
92,16,55.42
92,17,39.91
92,19,64.14
92,20,51.98
92,22,56.88
92,23,10.86
92,24,21.28
92,27,52.22
92,28,83.35
92,29,98.50
92,30,42.35
92,31,91.96
92,32,25.41
92,33,7.04
92,34,24.92
92,35,24.58
92,39,71.89
92,40,16.54
92,42,14.92
92,43,0.90
92,44,86.56
92,46,56.06
92,47,59.27
92,48,94.25
92,49,49.06
93,0,52.75
93,1,74.00
93,2,63.98
93,4,54.97
93,5,73.50
93,8,81.55
93,9,21.98
93,11,31.30
93,12,59.41
93,13,83.89
93,14,42.22
93,15,62.33
93,16,99.90
93,17,46.23
93,18,16.10
93,20,12.52
93,21,96.18
93,22,47.99
93,23,85.95
93,24,51.32
93,26,44.43
93,27,3.59
93,31,10.43
93,32,24.98
93,33,77.59
93,34,32.24
93,35,78.68
93,36,18.33
93,37,59.10
93,38,89.14
93,40,97.93
93,41,59.31
93,42,27.34
93,43,14.88
93,44,59.62
93,46,49.68
93,47,76.94
93,48,49.61
94,0,65.86
94,1,95.45
94,2,40.37
94,4,13.23
94,5,40.08
94,6,62.00
94,7,87.44
94,9,75.20
94,10,24.61
94,11,33.10
94,12,1.44
94,13,65.49
94,15,68.49
94,16,58.04
94,17,35.78
94,18,2.77
94,20,17.70
94,21,50.49
94,22,85.59
94,23,48.89
94,24,32.45
94,25,14.35
94,26,72.32
94,28,86.17
94,29,7.62
94,30,39.12
94,31,18.71
94,32,19.08
94,34,20.73
94,35,52.87
94,36,46.14
94,37,76.52
94,38,52.12
94,39,62.63
94,40,94.01
94,41,77.99
94,42,78.72
94,43,31.88
94,44,29.97
94,46,86.27
94,47,39.99
94,48,89.04
94,49,62.46
95,0,56.93
95,2,12.43
95,4,56.14
95,5,46.77
95,6,4.75
95,7,2.55
95,8,59.49
95,10,84.57
95,11,44.17
95,13,10.56
95,14,82.02
95,15,67.47
95,16,8.97
95,17,17.24
95,18,32.66
95,19,14.42
95,20,8.05
95,21,15.78
95,22,76.34
95,23,55.07
95,24,91.13
95,25,4.87
95,26,62.62
95,27,47.15
95,28,74.45
95,29,92.41
95,30,82.18
95,31,16.01
95,32,52.74
95,33,56.51
95,34,19.15
95,35,52.96
95,36,35.77
95,38,10.03
95,39,72.34
95,40,86.75
95,41,30.01
95,42,16.49
95,45,46.93
95,47,55.65
95,48,39.07
95,49,27.06
96,0,57.89
96,1,8.38
96,2,25.02
96,3,5.35
96,6,3.09
96,7,63.18
96,8,96.00
96,9,88.05
96,11,28.09
96,14,47.33
96,16,74.27
96,19,37.29
96,20,22.06
96,21,19.78
96,22,42.29
96,23,77.73
96,24,98.65
96,25,45.81
96,26,55.98
96,29,75.88
96,30,60.90
96,31,97.78
96,32,29.60
96,33,58.13
96,34,37.49
96,36,37.80
96,37,47.52
96,39,84.06
96,40,93.32
96,41,30.50
96,42,50.60
96,43,71.25
96,44,10.29
96,45,77.36
96,46,27.99
96,47,32.21
96,48,86.79
97,2,36.97
97,3,2.44
97,4,88.58
97,5,82.86
97,6,25.25
97,7,76.84
97,8,78.83
97,9,47.45
97,10,26.36
97,11,46.12
97,12,11.91
97,14,31.81
97,15,1.66
97,16,71.17
97,17,69.75
97,18,19.47
97,19,30.55
97,20,85.34
97,21,87.86
97,22,29.60
97,23,85.44
97,24,4.13
97,25,52.44
97,26,80.45
97,27,96.90
97,28,5.39
97,29,35.00
97,30,18.71
97,31,37.03
97,32,9.80
97,35,56.46
97,38,47.63
97,39,7.11
97,40,21.83
97,41,77.87
97,43,8.22
97,44,13.23
97,45,60.63
97,46,75.10
97,47,95.75
97,48,82.14
97,49,60.31
98,0,19.05
98,2,42.62
98,3,31.74
98,4,41.04
98,6,69.03
98,7,51.25
98,8,6.82
98,9,48.61
98,10,70.23
98,11,49.77
98,12,72.87
98,13,47.92
98,14,97.93
98,16,68.58
98,17,77.03
98,19,45.52
98,21,83.88
98,22,59.28
98,23,91.41
98,24,86.86
98,25,14.99
98,26,63.69
98,28,11.70
98,29,9.91
98,30,16.50
98,31,44.25
98,32,52.81
98,34,72.58
98,35,39.08
98,36,20.05
98,37,15.03
98,38,57.76
98,40,12.12
98,41,44.18
98,42,75.83
98,44,87.63
98,46,83.70
98,47,48.67
98,48,4.35
98,49,78.03
99,0,85.83
99,1,52.94
99,3,92.85
99,4,48.32
99,6,2.05
99,7,82.22
99,8,41.43
99,9,58.19
99,11,89.44
99,14,67.17
99,16,38.47
99,17,54.73
99,18,17.38
99,20,49.53
99,21,45.67
99,22,91.55
99,23,99.07
99,24,63.36
99,25,79.09
99,26,79.25
99,27,71.73
99,28,90.27
99,29,52.99
99,30,33.89
99,31,71.50
99,32,57.34
99,33,68.17
99,34,30.96
99,37,97.28
99,38,77.51
99,39,45.09
99,40,77.26
99,41,68.55
99,42,83.86
99,43,5.56
99,46,93.59
99,49,87.17
